time,AirTemp,Rain,WindSpeed,RelHum,ShortWave,Cloud,Snow
2014-01-30,-1.8,0.00000,2.4,92.7,37.01,0.7875,0.00003
2014-01-31,-0.2,0.00000,1.5,91.3,73.44,0.6,0.00000
2014-02-01,1.2,0.00000,2.1,92.3,98.86,0.4125,0.00000
2014-02-02,1.5,0.00237,1.5,95.8,22.71,0.9875,0.00000
2014-02-03,0.8,0.00000,2.4,98.7,12.97,0.925,0.00107
2014-02-04,1.6,0.00003,2.1,97.7,69.76,0.7,0.00000
2014-02-05,0.8,0.00000,1.9,95.4,50.76,0.6,0.00010
2014-02-06,5.3,0.00000,2.6,70.4,109.00,0.4125,0.00000
2014-02-07,5.0,0.00010,4.0,77.8,65.67,0.775,0.00000
2014-02-08,4.8,0.00000,2.5,77.3,94.66,0.6875,0.00000
2014-02-09,3.9,0.00040,4.5,77.5,45.68,0.7,0.00000
2014-02-10,2.7,0.00017,1.9,79.4,34.97,0.875,0.00000
2014-02-11,4.3,0.00000,3.6,79.1,91.00,0.5875,0.00000
2014-02-12,1.6,0.00007,3.4,87.8,49.37,0.3625,0.00000
2014-02-13,4.7,0.00320,5.3,71.7,65.14,0.7875,0.00000
2014-02-14,4.2,0.00003,2.8,70.1,109.61,0.675,0.00000
2014-02-15,7.1,0.00160,2.9,75.7,110.65,0.8375,0.00000
2014-02-16,4.6,0.00083,4.4,85.3,22.71,0.9875,0.00000
2014-02-17,3.9,0.00007,2.1,87.0,88.52,0.7875,0.00000
2014-02-18,1.7,0.00023,1.3,94.0,108.28,0.7875,0.00000
2014-02-19,4.0,0.00090,2.9,93.7,32.05,0.975,0.00000
2014-02-20,4.4,0.00077,2.6,88.2,123.56,0.525,0.00000
2014-02-21,3.7,0.00407,5.0,91.8,34.17,0.7875,0.00000
2014-02-22,3.9,0.00000,3.0,79.3,89.73,0.7125,0.00000
2014-02-23,3.7,0.00000,2.2,81.2,107.46,0.375,0.00000
2014-02-24,1.5,0.00007,1.2,86.1,155.03,0.0125,0.00000
2014-02-25,3.1,0.00000,3.0,77.6,143.76,0.325,0.00000
2014-02-26,3.7,0.00077,2.3,79.7,134.17,0.65,0.00000
2014-02-27,3.8,0.00107,2.3,88.5,92.00,0.8375,0.00000
2014-02-28,4.9,0.00040,3.1,80.5,150.70,0.8,0.00000
2014-03-01,3.0,0.00023,2.3,87.9,43.57,0.9625,0.00000
2014-03-02,2.8,0.00020,1.2,93.5,19.63,0.9375,0.00000
2014-03-03,2.8,0.00063,2.0,88.9,137.19,0.625,0.00000
2014-03-04,3.7,0.00210,1.5,93.0,43.72,1,0.00000
2014-03-05,3.9,0.00007,1.6,91.9,75.58,0.9375,0.00000
2014-03-06,4.0,0.00000,2.3,87.7,140.18,0.6625,0.00000
2014-03-07,3.1,0.00000,2.5,91.0,165.04,0.1,0.00000
2014-03-08,5.0,0.00003,2.3,82.0,169.05,0.225,0.00000
2014-03-09,5.5,0.00000,2.2,73.3,184.99,0.0625,0.00000
2014-03-10,5.1,0.00000,1.9,77.6,181.22,0.225,0.00000
2014-03-11,4.3,0.00000,2.3,76.9,169.16,0.5125,0.00000
2014-03-12,5.8,0.00000,2.1,73.6,190.84,0,0.00000
2014-03-13,5.3,0.00000,1.8,82.7,184.33,0,0.00000
2014-03-14,6.8,0.00000,2.2,80.9,181.74,0,0.00000
2014-03-15,7.6,0.00107,5.6,76.5,72.46,0.7875,0.00000
2014-03-16,8.4,0.00000,7.0,77.8,42.29,0.75,0.00000
2014-03-17,10.8,0.00000,3.6,63.3,203.81,0.2875,0.00000
2014-03-18,9.3,0.00000,3.6,65.4,189.20,0.575,0.00000
2014-03-19,8.7,0.00000,4.8,66.1,95.26,0.725,0.00000
2014-03-20,8.2,0.00000,2.4,73.7,213.34,0.2,0.00000
2014-03-21,9.2,0.00000,2.2,68.1,203.49,0.6,0.00000
2014-03-22,7.0,0.01090,3.6,84.6,119.12,0.9,0.00000
2014-03-23,2.1,0.01507,2.3,96.9,32.56,1,0.00000
2014-03-24,2.1,0.00437,3.2,93.0,108.88,0.9375,0.00000
2014-03-25,2.4,0.00007,1.8,84.5,133.27,0.7375,0.00000
2014-03-26,2.3,0.00000,2.8,85.6,164.85,0.7,0.00007
2014-03-27,4.8,0.00003,2.2,79.2,231.00,0.4375,0.00000
2014-03-28,6.4,0.00000,1.9,78.5,231.53,0.2,0.00000
2014-03-29,7.4,0.00000,2.1,79.5,240.01,0.1375,0.00000
2014-03-30,8.6,0.00000,2.4,76.3,232.05,0.3125,0.00000
2014-03-31,8.7,0.00000,2.5,77.4,160.31,0.6875,0.00000
2014-04-01,8.9,0.00000,2.1,80.1,198.93,0.8125,0.00000
2014-04-02,11.0,0.00000,2.5,74.4,230.48,0.45,0.00000
2014-04-03,11.4,0.00000,2.5,74.0,161.36,0.7875,0.00000
2014-04-04,9.4,0.00000,1.6,59.8,96.52,0.975,0.00000
2014-04-05,11.2,0.00070,4.1,72.9,104.31,0.8875,0.00000
2014-04-06,10.7,0.00013,2.5,94.0,109.37,0.825,0.00000
2014-04-07,12.9,0.00020,2.1,81.3,237.09,0.4625,0.00000
2014-04-08,10.4,0.00297,4.8,85.2,61.22,0.8125,0.00000
2014-04-09,8.1,0.00000,3.9,65.0,205.43,0.85,0.00000
2014-04-10,8.5,0.00007,2.7,78.0,104.63,0.9,0.00000
2014-04-11,8.2,0.00000,1.9,89.4,225.83,0.475,0.00000
2014-04-12,9.9,0.00313,1.6,82.2,225.40,0.75,0.00000
2014-04-13,11.0,0.00190,2.5,81.4,181.65,0.675,0.00000
2014-04-14,8.9,0.00137,6.2,70.3,111.34,0.6625,0.00000
2014-04-15,4.1,0.00047,4.4,72.0,88.97,0.8875,0.00000
2014-04-16,4.5,0.00000,1.8,77.4,155.27,0.6375,0.00000
2014-04-17,5.5,0.00003,2.0,70.8,289.93,0.2,0.00000
2014-04-18,4.5,0.00697,4.3,85.8,73.75,0.875,0.00000
2014-04-19,5.1,0.00153,2.3,95.4,103.36,0.825,0.00000
2014-04-20,7.8,0.00003,2.4,89.0,196.62,0.7875,0.00000
2014-04-21,9.3,0.00483,1.8,91.8,150.54,0.9375,0.00000
2014-04-22,11.1,0.00027,2.2,89.5,170.68,0.7875,0.00000
2014-04-23,10.9,0.00000,2.5,82.9,263.64,0.275,0.00000
2014-04-24,11.8,0.00000,2.3,79.5,265.46,0.1875,0.00000
2014-04-25,13.0,0.00000,2.1,78.1,269.83,0.425,0.00000
2014-04-26,14.1,0.00373,2.1,81.6,185.64,0.8,0.00000
2014-04-27,9.4,0.00983,3.1,93.4,52.89,0.9875,0.00000
2014-04-28,9.4,0.00177,2.1,92.0,77.72,0.975,0.00000
2014-04-29,10.6,0.00037,2.1,89.0,150.29,0.9125,0.00000
2014-04-30,10.1,0.00213,3.0,88.5,211.29,0.8375,0.00000
2014-05-01,11.9,0.01047,2.4,82.8,200.46,0.925,0.00000
2014-05-02,10.7,0.00533,3.1,94.0,111.14,0.9875,0.00000
2014-05-03,5.6,0.00393,4.9,97.4,39.01,1,0.00000
2014-05-04,7.5,0.00003,2.2,75.5,188.56,0.7125,0.00000
2014-05-05,9.4,0.00000,2.2,75.7,302.11,0.45,0.00000
2014-05-06,13.7,0.00060,3.5,67.4,233.46,0.6875,0.00000
2014-05-07,12.0,0.00810,3.7,84.0,79.60,0.875,0.00000
2014-05-08,13.0,0.00277,4.6,74.2,236.97,0.8,0.00000
2014-05-09,14.0,0.00200,5.5,80.7,157.59,0.8125,0.00000
2014-05-10,14.4,0.00320,3.1,76.3,207.97,0.8375,0.00000
2014-05-11,12.1,0.00103,6.9,70.1,176.49,0.8125,0.00000
2014-05-12,9.6,0.00057,5.7,70.5,181.58,0.8625,0.00000
2014-05-13,7.8,0.00753,4.3,83.4,172.47,0.875,0.00000
2014-05-14,8.6,0.00437,5.0,78.1,202.89,0.875,0.00000
2014-05-15,7.3,0.00237,3.0,81.8,154.20,0.9,0.00000
2014-05-16,9.2,0.00060,4.5,78.7,197.86,0.9375,0.00000
2014-05-17,9.8,0.00100,2.5,83.8,132.92,0.85,0.00000
2014-05-18,12.6,0.00000,2.9,79.0,287.50,0.5375,0.00000
2014-05-19,13.8,0.00000,2.0,81.0,256.51,0.4125,0.00000
2014-05-20,15.6,0.00000,2.1,72.7,314.68,0.4,0.00000
2014-05-21,17.7,0.00000,2.4,71.5,323.29,0.475,0.00000
2014-05-22,19.8,0.00000,2.4,68.4,296.56,0.4125,0.00000
2014-05-23,14.3,0.00057,2.7,81.3,167.87,0.6875,0.00000
2014-05-24,14.2,0.00000,2.5,83.7,258.03,0.525,0.00000
2014-05-25,16.4,0.00000,3.4,75.5,292.28,0.6375,0.00000
2014-05-26,15.3,0.01210,2.9,86.0,172.30,0.8875,0.00000
2014-05-27,12.8,0.00747,4.5,94.9,61.08,0.9875,0.00000
2014-05-28,13.2,0.00000,4.6,82.0,149.88,0.9125,0.00000
2014-05-29,13.2,0.00947,3.2,83.9,186.37,0.9375,0.00000
2014-05-30,9.0,0.00383,3.2,88.4,107.45,0.9625,0.00000
2014-05-31,11.1,0.00000,2.0,78.8,302.54,0.55,0.00000
2014-06-01,13.0,0.00000,2.8,74.5,260.75,0.7,0.00000
2014-06-02,13.1,0.00310,2.7,81.6,216.79,0.7625,0.00000
2014-06-03,14.5,0.00040,2.5,77.0,262.90,0.6125,0.00000
2014-06-04,14.1,0.00493,3.0,84.0,230.20,0.725,0.00000
2014-06-05,14.7,0.00000,2.5,72.0,251.74,0.75,0.00000
2014-06-06,17.1,0.00000,2.5,76.0,341.76,0.325,0.00000
2014-06-07,20.6,0.00000,2.0,71.2,339.02,0.375,0.00000
2014-06-08,22.2,0.00000,2.3,70.5,344.45,0.075,0.00000
2014-06-09,22.5,0.00000,2.1,71.0,331.89,0.175,0.00000
2014-06-10,23.7,0.00000,2.4,66.3,338.76,0.475,0.00000
2014-06-11,22.7,0.00000,3.1,74.5,290.32,0.7875,0.00000
2014-06-12,22.5,0.00013,3.2,76.8,305.64,0.7375,0.00000
2014-06-13,20.2,0.00063,3.6,73.8,277.99,0.75,0.00000
2014-06-14,16.8,0.00030,4.0,66.6,186.24,0.7875,0.00000
2014-06-15,16.3,0.00000,4.2,63.0,295.48,0.5625,0.00000
2014-06-16,16.4,0.00000,3.5,62.3,291.67,0.4875,0.00000
2014-06-17,16.3,0.00000,3.5,65.8,240.33,0.7875,0.00000
2014-06-18,17.3,0.00000,3.5,68.0,305.02,0.4,0.00000
2014-06-19,16.2,0.00057,4.0,75.7,250.69,0.5625,0.00000
2014-06-20,13.9,0.00080,2.9,82.4,112.93,0.9125,0.00000
2014-06-21,15.8,0.00000,2.1,66.6,305.60,0.55,0.00000
2014-06-22,17.7,0.00000,2.6,67.2,355.25,0.35,0.00000
2014-06-23,18.3,0.00953,2.9,69.9,311.60,0.6625,0.00000
2014-06-24,16.3,0.00583,2.4,80.8,224.38,0.7,0.00000
2014-06-25,14.8,0.00153,3.5,84.1,161.34,0.7,0.00000
2014-06-26,15.1,0.00000,1.6,72.2,325.12,0.4125,0.00000
2014-06-27,18.6,0.00000,2.4,68.1,278.66,0.7375,0.00000
2014-06-28,18.9,0.00540,4.0,78.7,275.78,0.8,0.00000
2014-06-29,14.7,0.02150,4.3,93.0,49.12,0.9625,0.00000
2014-06-30,13.3,0.00350,4.3,85.3,126.48,0.85,0.00000
2014-07-01,15.3,0.00033,2.6,72.5,319.38,0.4375,0.00000
2014-07-02,14.1,0.00960,2.6,94.5,71.38,0.7875,0.00000
2014-07-03,16.6,0.00000,2.8,78.6,336.86,0.3625,0.00000
2014-07-04,19.4,0.00000,1.8,80.0,261.14,0.55,0.00000
2014-07-05,19.5,0.00010,4.5,72.7,188.32,0.8125,0.00000
2014-07-06,21.6,0.00053,2.0,75.7,320.49,0.45,0.00000
2014-07-07,19.5,0.00523,2.9,85.6,234.34,0.8375,0.00000
2014-07-08,15.3,0.02167,3.6,93.9,55.57,0.9375,0.00000
2014-07-09,12.4,0.00647,4.8,91.7,89.58,0.9625,0.00000
2014-07-10,12.8,0.00670,3.6,86.7,87.06,0.9125,0.00000
2014-07-11,16.1,0.00343,3.2,85.7,240.44,0.85,0.00000
2014-07-12,15.8,0.02983,1.8,92.6,96.17,0.8125,0.00000
2014-07-13,17.3,0.00183,2.7,85.0,250.63,0.8875,0.00000
2014-07-14,18.7,0.00013,3.0,79.3,253.67,0.825,0.00000
2014-07-15,19.3,0.00000,1.6,80.5,211.89,0.7375,0.00000
2014-07-16,20.1,0.00000,2.1,79.5,299.73,0.375,0.00000
2014-07-17,20.5,0.00000,2.0,75.7,288.09,0.275,0.00000
2014-07-18,21.1,0.00000,2.0,72.0,326.55,0.15,0.00000
2014-07-19,22.5,0.00000,1.4,72.6,328.59,0.275,0.00000
2014-07-20,22.3,0.00117,2.9,77.3,227.18,0.7,0.00000
2014-07-21,17.1,0.01750,3.3,90.1,51.55,0.9625,0.00000
2014-07-22,17.5,0.01510,2.1,96.3,71.55,0.9375,0.00000
2014-07-23,19.3,0.00003,2.3,82.7,273.01,0.6,0.00000
2014-07-24,18.9,0.00000,2.2,80.6,237.90,0.5875,0.00000
2014-07-25,20.1,0.00000,2.4,73.9,282.08,0.325,0.00000
2014-07-26,18.5,0.03093,3.1,85.4,144.23,0.9375,0.00000
2014-07-27,17.8,0.00253,3.1,92.1,98.33,0.975,0.00000
2014-07-28,20.3,0.00633,2.3,82.3,253.04,0.675,0.00000
2014-07-29,17.5,0.00247,2.4,92.4,98.09,0.95,0.00000
2014-07-30,17.7,0.01687,3.2,91.2,70.69,1,0.00000
2014-07-31,18.3,0.00490,3.8,86.5,138.21,0.775,0.00000
2014-08-01,18.6,0.00000,1.6,83.9,268.97,0.5375,0.00000
2014-08-02,18.9,0.00323,2.6,93.4,171.50,0.625,0.00000
2014-08-03,18.6,0.00483,2.4,87.5,190.99,0.775,0.00000
2014-08-04,19.8,0.00290,2.5,79.1,281.20,0.5875,0.00000
2014-08-05,17.1,0.00443,2.7,89.3,139.75,0.875,0.00000
2014-08-06,17.8,0.00017,2.3,80.8,273.44,0.575,0.00000
2014-08-07,18.1,0.00163,2.9,83.4,202.61,0.65,0.00000
2014-08-08,19.5,0.00000,2.0,81.4,283.07,0.4125,0.00000
2014-08-09,20.1,0.00007,4.0,82.7,167.56,0.7875,0.00000
2014-08-10,21.1,0.00413,2.0,80.2,247.12,0.65,0.00000
2014-08-11,17.3,0.01243,3.6,92.3,50.99,0.975,0.00000
2014-08-12,17.1,0.00007,3.1,74.0,212.34,0.9125,0.00000
2014-08-13,15.6,0.01130,3.8,90.8,39.73,0.9625,0.00000
2014-08-14,15.1,0.00040,3.7,75.6,165.16,0.75,0.00000
2014-08-15,14.4,0.00183,4.8,78.8,165.70,0.725,0.00000
2014-08-16,13.5,0.00237,4.7,83.7,139.71,0.8625,0.00000
2014-08-17,15.7,0.00000,4.0,70.5,282.38,0.45,0.00000
2014-08-18,16.3,0.00213,4.7,77.1,185.82,0.75,0.00000
2014-08-19,15.9,0.00143,2.9,79.9,196.04,0.875,0.00000
2014-08-20,14.5,0.00057,1.7,78.9,82.70,0.95,0.00000
2014-08-21,14.6,0.00087,1.6,76.2,240.98,0.875,0.00000
2014-08-22,15.6,0.00000,2.5,76.3,200.65,0.8625,0.00000
2014-08-23,15.3,0.00400,3.1,76.6,127.10,0.9,0.00000
2014-08-24,12.9,0.00137,3.9,78.8,180.54,0.6875,0.00000
2014-08-25,13.0,0.00413,3.3,77.4,192.63,0.75,0.00000
2014-08-26,16.2,0.00340,5.0,85.2,112.04,0.8125,0.00000
2014-08-27,14.8,0.00617,4.0,91.8,92.17,0.85,0.00000
2014-08-28,15.2,0.00000,1.7,87.5,203.00,0.5875,0.00000
2014-08-29,17.1,0.00243,2.7,92.7,130.85,0.85,0.00000
2014-08-30,17.6,0.00043,1.5,88.0,171.67,0.7625,0.00000
2014-08-31,14.0,0.01420,3.5,95.1,54.64,0.925,0.00000
2014-09-01,12.5,0.00017,3.5,89.6,70.69,0.9625,0.00000
2014-09-02,13.2,0.00283,1.9,88.6,96.13,0.9125,0.00000
2014-09-03,14.0,0.00110,3.7,92.0,98.91,1,0.00000
2014-09-04,16.1,0.00000,2.7,91.6,95.48,0.975,0.00000
2014-09-05,17.3,0.00010,1.8,91.8,166.30,0.75,0.00000
2014-09-06,18.1,0.00000,1.3,89.2,163.99,0.8125,0.00000
2014-09-07,18.3,0.00000,2.1,88.2,180.71,0.475,0.00000
2014-09-08,18.3,0.00000,2.2,87.2,207.92,0.5,0.00000
2014-09-09,17.1,0.00120,1.8,94.8,108.65,0.7625,0.00000
2014-09-10,15.5,0.00000,1.9,84.8,140.06,0.9125,0.00000
2014-09-11,12.3,0.00043,2.1,89.2,118.14,0.8875,0.00000
2014-09-12,10.8,0.01070,4.5,99.7,46.89,0.9625,0.00000
2014-09-13,13.2,0.00160,2.8,95.1,103.26,0.95,0.00000
2014-09-14,14.8,0.00183,2.1,99.7,62.16,0.9125,0.00000
2014-09-15,14.6,0.00003,2.1,95.2,119.43,0.5875,0.00000
2014-09-16,15.4,0.00007,2.0,91.5,194.47,0.225,0.00000
2014-09-17,15.9,0.00003,2.0,90.9,186.80,0.2375,0.00000
2014-09-18,17.9,0.00320,2.1,83.3,196.01,0.6875,0.00000
2014-09-19,18.2,0.00003,1.9,85.3,167.74,0.5875,0.00000
2014-09-20,16.9,0.00783,2.2,94.5,101.28,0.725,0.00000
2014-09-21,15.6,0.01347,3.8,92.3,102.82,0.8,0.00000
2014-09-22,10.6,0.00243,4.2,89.0,102.09,0.925,0.00000
2014-09-23,9.6,0.00000,2.5,78.8,178.42,0.35,0.00000
2014-09-24,11.9,0.00483,2.7,83.2,176.55,0.525,0.00000
2014-09-25,10.3,0.00320,2.9,97.2,51.14,0.875,0.00000
2014-09-26,11.7,0.00000,2.4,89.5,114.97,0.775,0.00000
2014-09-27,14.7,0.00000,2.3,88.7,169.79,0.55,0.00000
2014-09-28,14.2,0.00003,1.9,92.4,162.29,0.5,0.00000
2014-09-29,15.3,0.00003,1.8,89.6,172.10,0.35,0.00000
2014-09-30,15.2,0.01037,1.7,94.4,58.14,0.8375,0.00000
2014-10-01,15.1,0.00823,2.0,99.8,67.83,0.875,0.00000
2014-10-02,13.6,0.00003,2.1,95.8,109.81,0.6875,0.00000
2014-10-03,12.7,0.00007,2.3,90.7,130.73,0.225,0.00000
2014-10-04,10.7,0.00000,1.8,96.0,47.23,0.5375,0.00000
2014-10-05,12.0,0.00003,2.4,95.0,113.97,0.8,0.00000
2014-10-06,12.4,0.00010,2.6,93.6,86.29,0.8,0.00000
2014-10-07,13.8,0.00000,3.0,89.5,120.47,0.8125,0.00000
2014-10-08,14.8,0.00000,1.9,91.9,102.39,0.8125,0.00000
2014-10-09,15.6,0.00000,1.8,85.6,161.50,0.3625,0.00000
2014-10-10,15.7,0.00000,2.2,88.9,120.16,0.75,0.00000
2014-10-11,14.6,0.00000,1.3,93.2,59.89,0.8,0.00000
2014-10-12,13.4,0.00003,2.1,95.5,130.49,0.5,0.00000
2014-10-13,14.0,0.00413,2.2,94.0,46.57,0.8375,0.00000
2014-10-14,14.0,0.00403,2.7,88.7,135.82,0.7875,0.00000
2014-10-15,13.9,0.00240,2.3,91.7,100.51,0.9375,0.00000
2014-10-16,15.0,0.00290,3.3,87.4,65.06,0.9125,0.00000
2014-10-17,13.6,0.00230,2.8,94.4,46.94,0.7375,0.00000
2014-10-18,12.1,0.00003,1.8,94.9,132.11,0.2,0.00000
2014-10-19,14.7,0.00000,3.1,82.9,136.34,0.1875,0.00000
2014-10-20,16.1,0.01390,3.1,82.9,107.11,0.8375,0.00000
2014-10-21,13.2,0.01380,5.2,89.2,67.19,0.95,0.00000
2014-10-22,5.7,0.02697,8.4,90.7,16.15,0.95,0.00000
2014-10-23,6.1,0.01117,7.0,97.2,6.06,1,0.00000
2014-10-24,7.7,0.00000,2.8,90.6,72.56,0.725,0.00000
2014-10-25,6.5,0.00180,2.8,94.9,52.33,0.725,0.00000
2014-10-26,10.1,0.00000,2.2,89.9,107.57,0.725,0.00000
2014-10-27,7.2,0.00000,2.9,93.4,32.19,1,0.00000
2014-10-28,5.8,0.00000,2.4,92.6,32.48,0.6625,0.00000
2014-10-29,8.2,0.00007,4.0,90.3,94.53,0.35,0.00000
2014-10-30,7.6,0.00120,3.3,92.4,33.83,0.6625,0.00000
2014-10-31,8.1,0.00000,1.8,95.7,84.97,0.5375,0.00000
2014-11-01,8.8,0.00000,1.8,95.7,98.93,0.3875,0.00000
2014-11-02,9.7,0.00000,2.8,90.2,104.11,0.3125,0.00000
2014-11-03,10.3,0.00000,2.7,81.9,107.35,0.35,0.00000
2014-11-04,14.0,0.00000,3.5,61.3,93.14,0.6,0.00000
2014-11-05,7.7,0.00667,3.1,92.6,14.25,0.9625,0.00000
2014-11-06,3.7,0.00580,2.5,96.0,26.57,1,0.00000
2014-11-07,6.0,0.00000,2.2,92.0,37.49,0.925,0.00000
2014-11-08,9.0,0.00000,3.3,84.9,88.48,0.5375,0.00000
2014-11-09,5.9,0.00003,2.8,98.7,89.88,0.55,0.00000
2014-11-10,6.9,0.00003,1.6,96.4,45.14,0.8625,0.00000
2014-11-11,6.7,0.00000,2.2,98.6,41.59,0.8625,0.00000
2014-11-12,8.4,0.00030,3.0,93.6,60.88,0.925,0.00000
2014-11-13,8.4,0.00067,1.6,96.9,29.30,0.9875,0.00000
2014-11-14,7.0,0.00000,1.8,97.9,36.76,0.6625,0.00000
2014-11-15,6.6,0.00003,2.1,97.6,25.85,0.8375,0.00000
2014-11-16,7.7,0.00003,2.8,85.3,61.16,0.6,0.00000
2014-11-17,3.1,0.00767,1.7,99.9,40.96,0.8625,0.00000
2014-11-18,5.0,0.01337,4.4,96.3,11.10,0.95,0.00000
2014-11-19,6.2,0.00247,2.8,95.4,13.26,0.8875,0.00000
2014-11-20,4.3,0.00000,2.1,95.7,33.64,0.7625,0.00000
2014-11-21,5.6,0.00037,1.6,91.4,28.80,0.8875,0.00000
2014-11-22,7.3,0.00007,1.7,95.6,56.82,0.7125,0.00000
2014-11-23,3.9,0.00000,1.2,100.0,50.43,0.1875,0.00000
2014-11-24,6.5,0.00000,2.5,97.0,41.99,0.6375,0.00000
2014-11-25,5.9,0.00000,3.7,98.4,11.51,0.9625,0.00000
2014-11-26,4.1,0.00000,2.9,98.3,13.77,0.9625,0.00000
2014-11-27,3.8,0.00000,2.2,99.9,16.58,0.5625,0.00000
2014-11-28,2.3,0.00000,2.7,99.9,15.15,0.4625,0.00000
2014-11-29,1.4,0.00000,2.5,99.7,15.64,0.75,0.00000
2014-11-30,1.5,0.00003,2.3,99.5,16.24,0.9125,0.00000
2014-12-01,2.2,0.00167,3.1,99.5,6.99,1,0.00000
2014-12-02,2.9,0.00187,2.7,98.0,18.14,1,0.00000
2014-12-03,2.6,0.00000,3.5,97.7,9.29,1,0.00000
2014-12-04,2.8,0.00000,2.2,94.9,12.68,1,0.00000
2014-12-05,2.2,0.00010,1.8,99.5,10.85,0.7625,0.00000
2014-12-06,2.2,0.00137,2.4,95.9,15.00,1,0.00000
2014-12-07,2.7,0.00063,2.6,98.5,7.17,1,0.00000
2014-12-08,3.0,0.00093,2.7,93.5,11.49,0.975,0.00000
2014-12-09,1.1,0.00003,2.0,95.7,23.05,0.8625,0.00000
2014-12-10,0.8,0.00000,3.5,89.3,20.95,0.775,0.00117
2014-12-11,5.5,0.00033,7.2,81.0,31.18,0.8625,0.00000
2014-12-12,6.3,0.00000,5.0,69.7,62.39,0.7,0.00000
2014-12-13,5.4,0.00000,3.9,79.2,42.46,0.775,0.00000
2014-12-14,6.5,0.00003,3.5,83.3,35.51,0.875,0.00000
2014-12-15,6.8,0.00090,3.1,89.7,14.90,0.9,0.00000
2014-12-16,5.9,0.00540,2.4,97.5,12.87,1,0.00000
2014-12-17,4.3,0.00683,4.2,93.7,25.04,0.9875,0.00000
2014-12-18,8.6,0.00363,5.9,90.6,16.86,0.95,0.00000
2014-12-19,10.9,0.01070,7.6,75.5,43.06,0.625,0.00000
2014-12-20,5.9,0.00137,5.5,84.3,24.46,0.85,0.00000
2014-12-21,4.4,0.00000,5.3,79.6,52.34,0.7875,0.00000
2014-12-22,7.2,0.00000,6.3,61.6,58.35,0.7,0.00000
2014-12-23,10.8,0.00000,5.6,37.6,54.86,0.2875,0.00000
2014-12-24,6.7,0.00057,4.8,64.9,51.30,0.3625,0.00000
2014-12-25,4.7,0.00363,5.2,82.4,15.49,0.9625,0.00000
2014-12-26,0.6,0.00000,3.6,91.3,21.10,0.9,0.00030
2014-12-27,0.2,0.00000,4.0,92.3,15.74,0.85,0.00173
2014-12-28,-2.0,0.00000,4.9,90.3,19.15,0.9625,0.00127
2014-12-29,-5.9,0.00000,4.7,92.0,12.56,0.7875,0.00217
2014-12-30,-2.2,0.00000,4.0,97.7,14.35,1,0.00177
2014-12-31,-0.5,0.00000,2.8,94.9,20.59,0.9,0.00000
2015-01-01,-3.3,0.00000,1.8,98.4,69.53,0.175,0.00233
2015-01-02,1.4,0.00647,5.3,91.5,40.26,0.8625,0.00000
2015-01-03,4.3,0.01377,5.1,93.1,25.05,0.975,0.00000
2015-01-04,1.8,0.00223,5.6,86.1,39.82,0.9125,0.00000
2015-01-05,1.4,0.00000,3.4,78.0,51.43,0.6,0.00000
2015-01-06,0.3,0.00000,1.6,90.0,67.48,0.4875,0.00000
2015-01-07,2.6,0.00023,3.1,85.9,22.66,0.825,0.00000
2015-01-08,5.6,0.00000,6.3,77.1,28.59,0.8125,0.00180
2015-01-09,7.4,0.00407,9.7,82.1,15.10,0.95,0.00000
2015-01-10,13.4,0.00423,11.4,75.0,62.09,0.6875,0.00000
2015-01-11,3.6,0.00490,8.5,90.7,31.26,0.95,0.00000
2015-01-12,4.9,0.00000,7.4,56.6,32.53,0.8,0.00000
2015-01-13,9.9,0.00003,4.3,26.0,74.45,0.4,0.00000
2015-01-14,5.1,0.00333,5.6,80.9,14.03,0.8375,0.00000
2015-01-15,3.1,0.00000,2.2,86.9,50.25,0.6875,0.00000
2015-01-16,4.2,0.00120,2.1,85.1,44.31,0.625,0.00000
2015-01-17,1.6,0.00973,2.5,102.6,8.88,1,0.00000
2015-01-18,0.4,0.00113,2.0,103.1,17.38,0.975,0.00000
2015-01-19,-1.4,0.00267,1.9,97.5,72.92,0.675,0.00000
2015-01-20,-1.5,0.00007,1.8,103.1,29.51,0.9625,0.00000
2015-01-21,-0.9,0.00000,3.5,102.2,31.55,0.9875,0.00000
2015-01-22,-0.9,0.00003,2.9,103.2,24.46,0.975,0.00000
2015-01-23,-0.8,0.00023,2.9,103.2,10.89,1,0.00000
2015-01-24,-0.4,0.00110,3.4,102.1,22.13,0.9875,0.00000
2015-01-25,-0.9,0.00087,3.7,99.8,32.95,0.975,0.00000
2015-01-26,-0.6,0.00323,3.6,90.2,68.92,0.8625,0.00000
2015-01-27,0.5,0.00263,5.4,101.6,39.63,0.9875,0.00000
2015-01-28,0.4,0.00237,3.8,91.8,80.73,0.85,0.00000
2015-01-29,1.2,0.00113,4.5,96.3,65.99,0.9375,0.00000
2015-01-30,-0.2,0.00107,5.9,89.0,47.21,0.8875,0.00000
2015-01-31,-0.1,0.00033,4.2,87.2,93.54,0.8625,0.00000
2015-02-01,-1.4,0.00157,4.7,91.7,67.92,0.8625,0.00000
2015-02-02,-1.7,0.00393,5.2,101.0,37.88,0.975,0.00000
2015-02-03,-4.3,0.00127,2.4,97.8,105.80,0.725,0.00000
2015-02-04,-5.4,0.00003,2.3,97.3,111.83,0.925,0.00000
2015-02-05,-4.5,0.00010,4.5,98.5,20.29,1,0.00000
2015-02-06,-4.7,0.00000,6.3,92.8,18.13,0.9125,0.00000
2015-02-07,-6.2,0.00013,3.8,89.6,92.41,0.575,0.00000
2015-02-08,-3.8,0.00050,4.4,90.4,47.36,0.85,0.00000
2015-02-09,-2.4,0.00003,6.1,78.5,30.32,0.95,0.00000
2015-02-10,0.0,0.00003,2.5,86.0,119.07,0.225,0.00000
2015-02-11,-2.1,0.00003,2.4,103.5,60.38,0,0.00000
2015-02-12,-1.9,0.00003,1.8,102.2,105.73,0,0.00000
2015-02-13,-2.2,0.00000,1.6,96.6,131.22,0.025,0.00000
2015-02-14,-2.2,0.00000,2.2,100.2,101.08,0.5625,0.00000
2015-02-15,-2.2,0.00003,2.1,103.3,65.53,0.4625,0.00000
2015-02-16,-1.2,0.00000,2.0,97.5,115.39,0.0375,0.00000
2015-02-17,-3.4,0.00003,2.4,101.7,102.83,0.3375,0.00000
2015-02-18,-2.6,0.00000,2.6,105.0,39.34,0.9625,0.00000
2015-02-19,-1.7,0.00000,2.1,99.4,122.17,0.25,0.00000
2015-02-20,1.9,0.00003,1.7,72.3,151.61,0.1,0.00000
2015-02-21,1.7,0.00287,2.5,70.4,68.44,0.725,0.00000
2015-02-22,0.1,0.00323,2.3,104.8,29.80,1,0.00000
2015-02-23,1.3,0.00253,3.5,98.7,86.04,0.85,0.00000
2015-02-24,1.9,0.00083,4.6,92.6,72.43,0.9125,0.00000
2015-02-25,0.9,0.00000,2.7,88.9,83.14,0.875,0.00000
2015-02-26,-0.3,0.00000,2.0,88.7,159.20,0.25,0.00000
2015-02-27,-0.2,0.00397,2.7,89.8,82.60,0.6625,0.00000
2015-02-28,1.0,0.00157,2.5,104.3,78.40,0.8625,0.00000
2015-03-01,3.3,0.00293,4.3,103.4,54.60,0.85,0.00000
2015-03-02,3.3,0.01133,5.9,102.7,27.69,0.9,0.00000
2015-03-03,2.9,0.00207,4.8,70.7,161.41,0.6,0.00000
2015-03-04,1.4,0.00107,4.1,87.3,95.93,0.9125,0.00000
2015-03-05,0.1,0.00030,3.3,88.5,56.19,0.925,0.00000
2015-03-06,0.0,0.00000,2.1,81.5,142.40,0.4375,0.00000
2015-03-07,1.4,0.00000,2.0,78.4,179.54,0.3125,0.00000
2015-03-08,3.5,0.00003,2.4,77.0,178.72,0.475,0.00000
2015-03-09,4.4,0.00000,2.2,77.0,171.28,0.6,0.00000
2015-03-10,4.4,0.00127,2.2,72.5,181.36,0.425,0.00000
2015-03-11,4.3,0.00197,3.0,77.9,123.38,0.6875,0.00000
2015-03-12,2.4,0.00000,2.8,75.0,113.31,0.475,0.00000
2015-03-13,2.6,0.00000,4.3,69.1,172.69,0.25,0.00000
2015-03-14,2.6,0.00000,3.8,76.9,127.81,0.6875,0.00000
2015-03-15,4.2,0.00000,3.3,75.3,152.99,0.55,0.00000
2015-03-16,4.3,0.00000,1.7,76.2,100.28,0.75,0.00000
2015-03-17,6.4,0.00000,1.4,73.9,157.02,0.825,0.00000
2015-03-18,6.2,0.00000,2.2,76.5,192.52,0.4625,0.00000
2015-03-19,5.0,0.00000,1.6,73.2,134.86,0.125,0.00000
2015-03-20,4.2,0.00000,1.7,75.0,171.43,0.075,0.00000
2015-03-21,5.2,0.01157,3.1,77.6,104.86,0.725,0.00000
2015-03-22,3.4,0.00230,3.9,90.8,27.62,1,0.00000
2015-03-23,3.9,0.00000,2.0,88.0,78.02,0.7125,0.00000
2015-03-24,5.6,0.00003,2.5,81.1,199.36,0.4375,0.00000
2015-03-25,6.7,0.00000,1.7,77.9,140.36,0.7625,0.00000
2015-03-26,5.8,0.00080,3.0,84.6,26.00,0.975,0.00000
2015-03-27,5.3,0.00077,4.2,76.0,105.82,0.8875,0.00000
2015-03-28,6.9,0.00033,2.9,62.6,224.21,0.6,0.00000
2015-03-29,9.2,0.00657,8.2,73.2,89.01,0.9125,0.00000
2015-03-30,7.3,0.00913,7.6,74.7,109.96,0.9375,0.00000
2015-03-31,9.1,0.00593,10.5,69.9,112.41,0.8625,0.00000
2015-04-01,3.6,0.00277,8.2,69.5,189.89,0.825,0.00000
2015-04-02,3.6,0.00537,7.7,80.0,64.84,0.9375,0.00000
2015-04-03,4.6,0.00263,2.2,68.1,237.09,0.7375,0.00000
2015-04-04,2.3,0.00957,2.5,90.5,62.09,1,0.00000
2015-04-05,2.6,0.00040,3.9,72.1,174.72,0.825,0.00000
2015-04-06,1.6,0.00057,3.6,80.0,126.44,0.8125,0.00000
2015-04-07,2.9,0.00000,1.7,67.9,260.78,0.425,0.00000
2015-04-08,5.2,0.00000,2.8,69.4,264.03,0.25,0.00000
2015-04-09,7.5,0.00000,1.6,70.9,262.53,0.2875,0.00000
2015-04-10,10.3,0.00000,2.4,64.4,254.14,0.525,0.00000
2015-04-11,11.2,0.00000,4.5,59.7,207.22,0.85,0.00000
2015-04-12,10.4,0.00000,2.0,70.7,209.10,0.675,0.00000
2015-04-13,10.6,0.00000,4.1,67.8,204.52,0.75,0.00000
2015-04-14,10.5,0.00000,3.0,67.5,260.79,0.675,0.00000
2015-04-15,12.4,0.00000,3.1,58.8,279.17,0.475,0.00000
2015-04-16,13.4,0.00197,3.5,51.7,212.19,0.75,0.00000
2015-04-17,10.1,0.01747,2.8,87.7,48.39,0.975,0.00000
2015-04-18,6.6,0.00003,2.9,61.5,203.06,0.65,0.00000
2015-04-19,6.9,0.00003,3.3,63.3,289.17,0.125,0.00000
2015-04-20,7.6,0.00000,2.1,71.8,278.57,0.1875,0.00000
2015-04-21,10.1,0.00000,1.8,66.7,297.51,0.1625,0.00000
2015-04-22,11.2,0.00000,4.4,59.1,287.22,0.35,0.00000
2015-04-23,6.5,0.00000,2.3,69.2,251.94,0.475,0.00000
2015-04-24,9.1,0.00000,2.0,67.2,298.10,0.1125,0.00000
2015-04-25,11.6,0.00267,2.9,71.3,188.08,0.75,0.00000
2015-04-26,13.6,0.00073,2.1,76.2,247.18,0.7875,0.00000
2015-04-27,13.0,0.01330,2.8,79.6,248.13,0.725,0.00000
2015-04-28,8.3,0.01370,4.6,87.4,58.19,0.925,0.00000
2015-04-29,8.7,0.00017,3.0,69.9,279.18,0.625,0.00000
2015-04-30,10.6,0.00703,3.7,68.3,171.00,0.875,0.00000
2015-05-01,9.6,0.02867,2.9,93.5,70.87,1,0.00000
2015-05-02,10.1,0.01183,1.8,91.9,88.94,0.975,0.00000
2015-05-03,12.4,0.01027,2.7,95.0,78.29,0.9875,0.00000
2015-05-04,15.3,0.00063,2.1,84.2,160.67,0.9125,0.00000
2015-05-05,16.7,0.00823,2.2,76.3,177.25,0.9125,0.00000
2015-05-06,12.1,0.01147,2.9,87.1,142.88,0.8375,0.00000
2015-05-07,13.1,0.00000,2.4,68.2,243.47,0.65,0.00000
2015-05-08,14.2,0.00007,2.9,72.6,312.88,0.7125,0.00000
2015-05-09,14.2,0.00437,3.5,78.5,125.09,0.875,0.00000
2015-05-10,14.1,0.00087,3.3,69.8,283.64,0.575,0.00000
2015-05-11,14.3,0.00000,1.9,77.3,297.05,0.5875,0.00000
2015-05-12,18.4,0.00000,3.8,59.1,294.84,0.7875,0.00000
2015-05-13,17.2,0.00617,2.8,76.2,207.74,0.8375,0.00000
2015-05-14,14.4,0.01110,3.2,80.5,155.06,0.9125,0.00000
2015-05-15,11.8,0.01200,1.7,90.7,37.28,1,0.00000
2015-05-16,13.7,0.00010,2.3,78.2,274.35,0.8,0.00000
2015-05-17,13.9,0.00043,2.4,77.3,175.15,0.85,0.00000
2015-05-18,15.8,0.00337,1.8,74.2,328.00,0.4625,0.00000
2015-05-19,13.6,0.02370,3.9,83.2,76.17,0.9875,0.00000
2015-05-20,7.9,0.02160,3.8,90.0,61.29,1,0.00000
2015-05-21,8.3,0.00223,3.1,86.2,85.25,1,0.00000
2015-05-22,9.6,0.00010,2.4,82.8,130.48,0.9375,0.00000
2015-05-23,9.9,0.00513,3.3,85.9,105.62,0.925,0.00000
2015-05-24,11.0,0.00073,2.5,83.5,154.09,0.875,0.00000
2015-05-25,12.5,0.00483,2.3,83.5,165.09,0.9125,0.00000
2015-05-26,11.0,0.00540,3.3,84.8,58.63,0.9875,0.00000
2015-05-27,10.1,0.00003,2.8,72.5,196.56,0.725,0.00000
2015-05-28,12.6,0.00003,3.2,64.7,347.50,0.425,0.00000
2015-05-29,15.9,0.00110,2.9,64.8,298.52,0.6875,0.00000
2015-05-30,15.2,0.00033,4.9,70.8,301.59,0.7875,0.00000
2015-05-31,15.4,0.00000,1.5,75.5,285.46,0.725,0.00000
2015-06-01,17.1,0.01247,2.9,76.5,293.56,0.7125,0.00000
2015-06-02,18.2,0.00100,3.0,75.8,317.10,0.6,0.00000
2015-06-03,20.2,0.00000,3.1,66.8,352.54,0.375,0.00000
2015-06-04,19.7,0.00000,2.3,74.3,354.95,0.1125,0.00000
2015-06-05,21.0,0.00000,2.1,78.3,349.84,0.1125,0.00000
2015-06-06,22.4,0.00877,2.7,72.2,290.97,0.6,0.00000
2015-06-07,20.3,0.00347,3.1,77.3,356.28,0.5375,0.00000
2015-06-08,16.5,0.02077,3.3,87.7,171.27,0.9125,0.00000
2015-06-09,12.8,0.00037,4.4,91.8,77.45,0.9875,0.00000
2015-06-10,14.9,0.00003,3.9,86.6,123.05,0.9375,0.00000
2015-06-11,18.2,0.00010,2.1,81.3,290.69,0.85,0.00000
2015-06-12,20.7,0.00030,2.4,73.5,347.61,0.35,0.00000
2015-06-13,20.2,0.00487,3.2,74.4,231.26,0.7125,0.00000
2015-06-14,18.9,0.01923,2.9,85.0,198.39,0.875,0.00000
2015-06-15,15.6,0.02537,2.7,91.7,83.94,0.975,0.00000
2015-06-16,16.4,0.00047,2.8,76.5,286.26,0.85,0.00000
2015-06-17,15.2,0.00000,3.1,78.7,180.98,0.85,0.00000
2015-06-18,14.9,0.00933,4.4,83.4,112.11,0.9375,0.00000
2015-06-19,13.5,0.00847,4.1,79.2,186.38,0.875,0.00000
2015-06-20,11.5,0.00847,3.6,83.2,118.29,0.9375,0.00000
2015-06-21,13.3,0.00270,3.3,80.1,148.86,0.8875,0.00000
2015-06-22,15.8,0.01090,5.3,78.6,227.99,0.8875,0.00000
2015-06-23,13.2,0.00400,5.5,72.6,265.25,0.7875,0.00000
2015-06-24,14.6,0.00007,2.4,67.2,300.82,0.4125,0.00000
2015-06-25,15.8,0.00000,2.3,71.5,325.93,0.45,0.00000
2015-06-26,18.0,0.00000,2.4,71.1,324.46,0.575,0.00000
2015-06-27,17.4,0.00270,3.5,81.0,139.35,0.8625,0.00000
2015-06-28,17.8,0.00000,2.2,74.4,295.72,0.525,0.00000
2015-06-29,18.9,0.00000,2.8,72.6,297.09,0.7375,0.00000
2015-06-30,20.7,0.00000,2.2,70.1,348.37,0.2875,0.00000
2015-07-01,22.1,0.00000,2.3,67.1,359.96,0.0375,0.00000
2015-07-02,22.7,0.00000,1.9,74.6,344.87,0.15,0.00000
2015-07-03,22.5,0.00160,2.1,78.8,235.06,0.475,0.00000
2015-07-04,24.1,0.00000,1.8,75.3,331.29,0.275,0.00000
2015-07-05,25.9,0.00537,2.3,68.7,332.38,0.2875,0.00000
2015-07-06,22.5,0.00417,2.7,72.3,236.79,0.5,0.00000
2015-07-07,25.6,0.00357,2.7,71.6,332.94,0.275,0.00000
2015-07-08,19.2,0.00287,3.9,76.8,117.67,0.8625,0.00000
2015-07-09,17.1,0.00017,4.4,63.9,145.22,0.85,0.00000
2015-07-10,17.3,0.00000,2.2,61.6,354.85,0.1875,0.00000
2015-07-11,20.1,0.00010,3.3,70.0,311.94,0.2625,0.00000
2015-07-12,21.9,0.00077,3.6,61.4,298.80,0.4625,0.00000
2015-07-13,17.9,0.00033,2.5,78.3,90.39,0.9375,0.00000
2015-07-14,21.3,0.00003,3.1,70.5,217.83,0.675,0.00000
2015-07-15,21.8,0.00000,2.0,69.5,322.39,0.2375,0.00000
2015-07-16,23.4,0.00000,1.7,70.6,297.57,0.225,0.00000
2015-07-17,24.7,0.00003,3.5,65.8,283.48,0.4625,0.00000
2015-07-18,22.1,0.00083,2.9,70.7,191.23,0.5375,0.00000
2015-07-19,22.8,0.00500,4.3,73.0,290.08,0.725,0.00000
2015-07-20,22.8,0.00003,2.1,74.8,288.11,0.4625,0.00000
2015-07-21,24.5,0.00000,2.1,68.4,307.17,0.1,0.00000
2015-07-22,24.0,0.00040,2.6,71.9,215.94,0.475,0.00000
2015-07-23,21.2,0.00083,3.3,76.0,196.12,0.875,0.00000
2015-07-24,23.2,0.00000,2.5,69.2,257.88,0.825,0.00000
2015-07-25,20.5,0.00000,5.5,62.7,209.89,0.85,0.00000
2015-07-26,17.0,0.00497,2.2,58.3,266.80,0.7125,0.00000
2015-07-27,18.7,0.00163,6.3,67.5,278.83,0.6625,0.00000
2015-07-28,18.5,0.00137,5.4,62.9,159.69,0.8625,0.00000
2015-07-29,15.3,0.00387,4.0,84.7,157.44,0.875,0.00000
2015-07-30,15.9,0.00003,2.5,65.5,235.13,0.775,0.00000
2015-07-31,17.6,0.00000,3.1,59.6,313.47,0.4125,0.00000
2015-08-01,17.7,0.00107,2.3,69.9,120.41,0.9,0.00000
2015-08-02,18.7,0.00077,2.9,77.5,220.30,0.6125,0.00000
2015-08-03,20.7,0.00000,1.7,70.1,302.31,0.1125,0.00000
2015-08-04,21.8,0.00000,3.6,70.3,265.99,0.5125,0.00000
2015-08-05,22.5,0.00000,1.6,70.9,313.83,0.2,0.00000
2015-08-06,24.9,0.00000,1.8,67.1,295.15,0.175,0.00000
2015-08-07,25.0,0.00000,1.7,67.7,290.98,0.25,0.00000
2015-08-08,26.0,0.00003,3.0,59.6,294.12,0.3875,0.00000
2015-08-09,24.6,0.00000,3.8,65.7,278.61,0.4125,0.00000
2015-08-10,22.9,0.00000,2.6,74.6,298.09,0.5625,0.00000
2015-08-11,23.8,0.00000,1.8,70.8,266.85,0.4625,0.00000
2015-08-12,24.0,0.00000,2.1,64.6,264.74,0.15,0.00000
2015-08-13,25.0,0.00000,2.4,57.6,288.54,0.175,0.00000
2015-08-14,22.2,0.01993,3.3,72.6,207.98,0.6875,0.00000
2015-08-15,18.4,0.01830,3.2,83.3,150.82,0.95,0.00000
2015-08-16,16.3,0.00647,3.2,89.8,106.40,0.975,0.00000
2015-08-17,15.4,0.00353,2.7,87.8,92.96,0.9375,0.00000
2015-08-18,16.5,0.00133,2.7,79.3,165.48,0.7875,0.00000
2015-08-19,15.4,0.00103,2.7,81.2,63.15,0.975,0.00000
2015-08-20,15.5,0.00570,2.1,81.8,154.16,0.8125,0.00000
2015-08-21,15.8,0.00003,2.2,80.7,288.16,0.35,0.00000
2015-08-22,17.8,0.00000,2.8,69.8,281.90,0.125,0.00000
2015-08-23,17.6,0.00450,1.7,76.2,215.02,0.475,0.00000
2015-08-24,18.5,0.00707,2.7,80.1,193.42,0.875,0.00000
2015-08-25,16.2,0.00247,4.1,74.4,225.13,0.65,0.00000
2015-08-26,17.8,0.00000,2.6,74.2,279.55,0.1,0.00000
2015-08-27,20.7,0.00000,3.0,76.7,237.64,0.525,0.00000
2015-08-28,22.0,0.00000,2.6,72.6,237.53,0.5375,0.00000
2015-08-29,22.0,0.00000,1.9,80.7,248.86,0.1,0.00000
2015-08-30,23.8,0.00000,2.3,75.8,260.10,0.075,0.00000
2015-08-31,24.3,0.00000,2.9,60.3,244.95,0.1375,0.00000
2015-09-01,20.2,0.01380,4.2,75.1,179.17,0.55,0.00000
2015-09-02,14.9,0.00530,3.1,92.4,37.54,0.9875,0.00000
2015-09-03,14.8,0.01103,2.4,91.9,69.60,0.975,0.00000
2015-09-04,15.1,0.00077,2.7,79.4,132.66,0.8875,0.00000
2015-09-05,13.0,0.00050,4.2,77.0,81.00,0.925,0.00000
2015-09-06,11.4,0.00227,4.3,79.1,113.48,0.8375,0.00000
2015-09-07,11.9,0.00000,3.2,73.8,147.91,0.8,0.00000
2015-09-08,13.5,0.00000,2.8,74.9,233.57,0.5375,0.00000
2015-09-09,13.5,0.00000,3.1,70.5,204.84,0.4,0.00000
2015-09-10,10.5,0.00000,3.1,85.0,95.37,0.6625,0.00000
2015-09-11,12.8,0.00117,2.8,81.2,208.04,0.4625,0.00000
2015-09-12,16.8,0.00000,2.1,76.1,222.38,0.55,0.00000
2015-09-13,17.5,0.00050,2.4,78.9,155.14,0.5625,0.00000
2015-09-14,15.4,0.00860,4.7,84.3,76.75,0.875,0.00000
2015-09-15,15.2,0.00027,2.5,72.2,153.79,0.875,0.00000
2015-09-16,18.4,0.00000,2.4,68.7,197.75,0.6625,0.00000
2015-09-17,16.6,0.00073,4.6,79.4,156.51,0.55,0.00000
2015-09-18,14.1,0.00237,2.5,82.5,110.37,0.8375,0.00000
2015-09-19,13.3,0.00440,2.9,85.5,148.13,0.7375,0.00000
2015-09-20,12.7,0.00003,2.6,85.0,97.61,0.9125,0.00000
2015-09-21,13.3,0.00000,1.8,75.9,207.41,0.2125,0.00000
2015-09-22,13.0,0.01187,3.2,83.0,114.80,0.75,0.00000
2015-09-23,10.7,0.00377,4.2,84.9,94.64,0.9375,0.00000
2015-09-24,11.1,0.00000,1.5,82.6,77.88,0.7875,0.00000
2015-09-25,11.7,0.00000,2.0,82.5,132.88,0.775,0.00000
2015-09-26,13.4,0.00000,2.7,83.1,75.96,0.925,0.00000
2015-09-27,12.4,0.00000,4.6,73.6,118.11,0.7875,0.00000
2015-09-28,10.9,0.00000,5.3,71.1,132.08,0.525,0.00000
2015-09-29,10.8,0.00000,6.8,70.3,151.01,0.325,0.00000
2015-09-30,10.1,0.00000,6.8,71.9,189.74,0.5875,0.00000
2015-10-01,10.2,0.00000,3.3,70.0,195.17,0.1,0.00000
2015-10-02,11.2,0.00000,2.8,80.9,186.20,0.2625,0.00000
2015-10-03,13.4,0.00000,1.9,85.7,146.61,0.4125,0.00000
2015-10-04,11.0,0.00313,2.6,91.2,61.81,0.625,0.00000
2015-10-05,11.3,0.00117,2.0,84.7,160.68,0.8,0.00000
2015-10-06,14.5,0.00903,3.0,88.8,108.14,0.925,0.00000
2015-10-07,13.2,0.00750,3.3,95.0,55.35,0.9375,0.00000
2015-10-08,12.0,0.00000,2.0,87.6,72.72,0.9375,0.00000
2015-10-09,10.9,0.00000,1.6,92.7,91.52,0.8375,0.00000
2015-10-10,10.3,0.00133,3.6,96.6,28.38,0.8625,0.00000
2015-10-11,9.1,0.00003,3.8,89.4,38.74,0.8375,0.00000
2015-10-12,5.5,0.00010,2.6,93.4,32.79,1,0.00000
2015-10-13,7.9,0.01827,3.0,95.7,55.05,0.975,0.00000
2015-10-14,6.6,0.01187,2.9,85.5,69.31,0.9625,0.00000
2015-10-15,5.0,0.00290,2.7,93.4,15.09,1,0.00000
2015-10-16,4.7,0.00443,2.5,92.8,43.67,1,0.00000
2015-10-17,6.1,0.00510,2.0,87.7,67.35,1,0.00000
2015-10-18,6.4,0.00823,1.9,93.9,18.27,1,0.00000
2015-10-19,6.2,0.00067,2.4,91.6,48.57,0.8125,0.00000
2015-10-20,4.7,0.00003,2.2,91.3,77.12,0.425,0.00000
2015-10-21,6.5,0.00000,2.7,90.3,122.37,0.475,0.00000
2015-10-22,8.4,0.00020,2.5,81.4,81.69,0.9125,0.00000
2015-10-23,9.8,0.00037,1.9,92.6,44.60,0.95,0.00000
2015-10-24,10.1,0.00000,2.2,90.9,117.71,0.725,0.00000
2015-10-25,10.9,0.00000,3.0,86.7,85.11,0.8375,0.00000
2015-10-26,8.4,0.00007,2.5,96.7,119.73,0.2,0.00000
2015-10-27,6.7,0.00007,1.5,99.3,18.71,0.1875,0.00000
2015-10-28,7.0,0.00013,1.5,96.9,68.73,0.55,0.00000
2015-10-29,9.0,0.00130,2.2,98.3,23.74,1,0.00000
2015-10-30,8.6,0.00000,3.4,96.3,16.88,1,0.00000
2015-10-31,8.5,0.00000,2.2,96.4,53.25,0.5,0.00000
2015-11-01,5.0,0.00010,1.6,100.0,37.76,0,0.00000
2015-11-02,4.4,0.00010,2.3,97.6,111.99,0.0625,0.00000
2015-11-03,5.3,0.00007,1.9,97.6,95.31,0.25,0.00000
2015-11-04,9.4,0.00000,1.8,93.5,45.07,0.6125,0.00000
2015-11-05,8.9,0.00000,2.3,92.7,86.89,0.2875,0.00000
2015-11-06,11.1,0.00013,2.8,84.5,100.98,0.6375,0.00000
2015-11-07,12.2,0.00010,2.4,89.2,79.77,0.5875,0.00000
2015-11-08,11.7,0.00000,2.2,93.4,101.44,0.4875,0.00000
2015-11-09,15.0,0.00000,5.1,71.9,46.40,0.6625,0.00000
2015-11-10,13.3,0.00000,3.2,71.0,93.04,0.5375,0.00000
2015-11-11,9.2,0.00000,2.8,81.6,105.20,0.2875,0.00000
2015-11-12,6.7,0.00003,2.6,92.2,101.62,0.25,0.00000
2015-11-13,8.4,0.00030,3.4,84.8,83.09,0.5625,0.00000
2015-11-14,9.3,0.00010,4.1,77.3,41.94,0.8875,0.00000
2015-11-15,13.8,0.00000,7.8,55.5,72.26,0.6,0.00000
2015-11-16,14.5,0.00000,4.5,60.5,81.05,0.4,0.00000
2015-11-17,12.2,0.00007,5.5,70.6,29.81,0.8125,0.00000
2015-11-18,14.1,0.00000,7.7,65.1,99.21,0.2125,0.00000
2015-11-19,13.6,0.00000,7.7,61.2,67.47,0.6625,0.00000
2015-11-20,10.7,0.04003,6.8,86.5,9.31,0.9625,0.00000
2015-11-21,3.1,0.00267,2.9,86.6,38.96,0.8875,0.00000
2015-11-22,0.9,0.00000,4.0,88.2,36.94,0.9125,0.00073
2015-11-23,0.8,0.00000,3.3,85.4,62.53,0.5,0.00043
2015-11-24,-1.0,0.00000,3.1,86.8,82.06,0.2625,0.00020
2015-11-25,2.5,0.00090,3.3,88.2,29.28,0.9375,0.00000
2015-11-26,2.1,0.00217,2.5,95.6,17.01,1,0.00000
2015-11-27,0.9,0.00000,2.4,90.8,20.82,0.825,0.00043
2015-11-28,1.7,0.00067,5.4,86.1,22.74,0.8375,0.00000
2015-11-29,5.7,0.00090,8.4,74.8,21.15,0.9125,0.00000
2015-11-30,9.2,0.00140,10.4,72.8,25.16,0.9125,0.00000
2015-12-01,8.5,0.00110,9.2,80.8,18.30,0.9375,0.00000
2015-12-02,6.7,0.00010,1.6,88.2,19.62,0.7875,0.00000
2015-12-03,3.4,0.00000,2.2,95.1,33.48,0.1625,0.00000
2015-12-04,5.1,0.00250,3.4,85.5,46.03,0.6375,0.00000
2015-12-05,5.7,0.00007,2.5,94.9,67.48,0.475,0.00000
2015-12-06,6.2,0.00003,3.7,85.6,77.23,0.025,0.00000
2015-12-07,5.1,0.00000,2.6,90.2,80.88,0.15,0.00000
2015-12-08,2.8,0.00007,2.7,95.1,63.61,0.35,0.00000
2015-12-09,4.2,0.00847,3.3,95.7,9.43,0.7875,0.00000
2015-12-10,0.6,0.00000,2.1,98.1,71.09,0.1875,0.00003
2015-12-11,3.7,0.00000,4.1,79.9,62.20,0.65,0.00000
2015-12-12,6.5,0.00000,3.3,72.9,54.39,0.825,0.00000
2015-12-13,2.9,0.00000,3.3,88.1,65.23,0.35,0.00000
2015-12-14,0.9,0.00000,2.3,90.2,71.70,0.175,0.00000
2015-12-15,4.5,0.00000,2.3,84.0,38.88,0.725,0.00000
2015-12-16,6.2,0.01160,2.5,95.0,13.13,0.9625,0.00000
2015-12-17,7.4,0.00117,2.6,98.2,19.45,0.75,0.00000
2015-12-18,6.2,0.00037,2.9,94.2,29.56,0.8625,0.00000
2015-12-19,5.0,0.00000,1.3,98.3,52.58,0.6625,0.00000
2015-12-20,4.3,0.00007,2.5,96.6,73.34,0.05,0.00000
2015-12-21,7.6,0.00027,3.9,85.4,14.00,0.7125,0.00000
2015-12-22,8.2,0.00000,3.0,77.9,72.16,0.725,0.00000
2015-12-23,7.0,0.00000,2.8,80.8,74.40,0.425,0.00000
2015-12-24,4.7,0.00000,2.8,89.0,62.58,0.375,0.00000
2015-12-25,6.1,0.00000,4.3,82.5,67.45,0.25,0.00000
2015-12-26,4.4,0.00000,3.4,86.7,74.60,0.2125,0.00000
2015-12-27,3.2,0.00000,2.7,88.3,60.45,0.475,0.00000
2015-12-28,1.7,0.00003,2.0,90.8,73.20,0.4625,0.00000
2015-12-29,2.0,0.00000,1.6,89.8,70.26,0.325,0.00000
2015-12-30,2.3,0.00000,2.7,92.0,68.95,0.1875,0.00000
2015-12-31,1.2,0.00907,2.2,98.8,20.14,0.8375,0.00000
2016-01-01,4.4,0.00203,2.3,98.4,23.85,0.9625,0.00000
2016-01-02,2.2,0.00543,2.5,98.1,15.68,1,0.00000
2016-01-03,3.4,0.00400,2.7,95.3,39.12,0.9625,0.00000
2016-01-04,3.4,0.00117,4.1,90.5,31.14,0.7875,0.00000
2016-01-05,3.5,0.00047,3.8,89.0,32.89,0.8125,0.00000
2016-01-06,3.3,0.00210,2.9,89.6,38.35,0.9,0.00000
2016-01-07,3.8,0.00423,2.8,92.8,47.56,0.8875,0.00000
2016-01-08,5.4,0.00740,3.1,81.5,40.97,0.725,0.00000
2016-01-09,5.1,0.00433,2.1,100.0,19.12,0.975,0.00000
2016-01-10,4.8,0.00680,3.0,95.7,18.43,0.9125,0.00000
2016-01-11,5.5,0.00213,4.2,88.2,11.04,0.9,0.00000
2016-01-12,4.1,0.01050,6.5,84.9,39.53,0.9125,0.00000
2016-01-13,3.0,0.00020,8.0,80.7,21.66,0.9,0.00000
2016-01-14,1.3,0.00043,3.4,75.2,60.05,0.6875,0.00000
2016-01-15,0.8,0.00000,7.4,81.6,30.28,0.9,0.00117
2016-01-16,-0.3,0.00000,4.8,90.8,17.40,0.975,0.00110
2016-01-17,-2.1,0.00000,5.2,88.9,35.20,0.95,0.00233
2016-01-18,-4.9,0.00000,2.8,91.6,85.76,0.325,0.00003
2016-01-19,-4.9,0.00000,2.4,95.3,25.80,0.95,0.00013
2016-01-20,-1.6,0.00000,1.7,85.5,75.67,0.9125,0.00087
2016-01-21,-2.1,0.00000,2.6,88.2,47.23,0.8125,0.00053
2016-01-22,-5.2,0.00000,1.7,99.0,49.21,0.25,0.00107
2016-01-23,1.9,0.00037,4.2,92.8,39.48,0.7375,0.00000
2016-01-24,1.7,0.00003,2.6,90.2,49.78,0.7875,0.00000
2016-01-25,4.9,0.00000,2.0,84.7,87.06,0.5125,0.00000
2016-01-26,5.7,0.00000,3.4,84.6,81.64,0.4,0.00000
2016-01-27,7.0,0.00000,4.0,78.8,56.00,0.75,0.00000
2016-01-28,8.6,0.00310,3.7,76.3,22.74,0.875,0.00000
2016-01-29,5.9,0.00107,2.3,94.5,75.37,0.5375,0.00000
2016-01-30,5.9,0.00987,5.1,85.5,92.24,0.4625,0.00000
2016-01-31,3.1,0.02653,5.4,101.6,10.83,1,0.00000
2016-02-01,10.8,0.00010,8.0,79.5,46.36,0.825,0.00000
2016-02-02,8.8,0.00093,4.7,77.2,92.74,0.8625,0.00000
2016-02-03,3.8,0.00793,5.4,90.2,18.48,0.95,0.00000
2016-02-04,1.9,0.00293,6.4,87.9,49.58,0.9625,0.00000
2016-02-05,4.2,0.00103,3.5,91.2,46.51,0.8125,0.00000
2016-02-06,4.5,0.00000,2.5,84.4,104.07,0.625,0.00000
2016-02-07,5.4,0.00070,2.9,79.8,45.82,0.85,0.00000
2016-02-08,6.9,0.00150,5.2,77.0,74.61,0.85,0.00000
2016-02-09,6.6,0.00090,4.3,82.6,56.00,0.9375,0.00000
2016-02-10,3.0,0.00010,7.9,76.7,56.85,0.9125,0.00000
2016-02-11,2.8,0.00000,5.3,66.5,90.49,0.7125,0.00000
2016-02-12,2.0,0.00013,3.6,72.6,113.43,0.7625,0.00000
2016-02-13,4.4,0.00190,2.9,83.1,61.04,0.9125,0.00000
2016-02-14,5.0,0.00413,3.4,81.9,66.18,0.7875,0.00000
2016-02-15,3.3,0.00080,2.6,94.1,57.84,0.9125,0.00000
2016-02-16,2.2,0.00010,5.5,91.6,13.48,1,0.00000
2016-02-17,1.4,0.00070,3.0,89.8,27.49,1,0.00000
2016-02-18,2.2,0.00000,2.2,93.1,37.18,0.925,0.00000
2016-02-19,1.9,0.00023,4.1,93.4,39.75,0.925,0.00000
2016-02-20,2.9,0.00803,6.7,81.9,38.05,0.825,0.00000
2016-02-21,11.1,0.00047,8.5,75.8,86.59,0.7125,0.00000
2016-02-22,12.4,0.00000,5.2,53.9,125.73,0.625,0.00000
2016-02-23,6.3,0.00223,6.3,81.4,56.92,0.8875,0.00000
2016-02-24,2.0,0.00503,1.9,82.9,118.99,0.8875,0.00000
2016-02-25,0.4,0.00000,2.3,97.6,42.21,1,0.00687
2016-02-26,0.6,0.00000,2.3,84.9,137.51,0.8,0.00110
2016-02-27,1.0,0.00000,2.1,86.5,135.38,0.825,0.00000
2016-02-28,2.4,0.00003,3.2,88.1,58.33,0.95,0.00000
2016-02-29,1.7,0.01320,3.0,99.1,11.75,1,0.00000
2016-03-01,-0.1,0.00000,4.1,95.5,32.89,0.95,0.00173
2016-03-02,4.0,0.00687,4.8,90.6,75.86,0.9125,0.00000
2016-03-03,2.2,0.00030,3.5,80.3,84.36,0.925,0.00000
2016-03-04,3.0,0.00000,2.9,79.6,134.46,0.8875,0.00000
2016-03-05,2.8,0.00430,2.3,90.6,55.36,0.9375,0.00000
2016-03-06,2.4,0.00177,4.8,81.1,149.88,0.6,0.00000
2016-03-07,1.4,0.00000,1.9,76.5,116.12,0.8375,0.00000
2016-03-08,0.6,0.00000,1.7,86.5,88.95,0.8625,0.00003
2016-03-09,0.9,0.00000,2.0,90.8,147.74,0.4,0.00017
2016-03-10,2.3,0.00000,2.8,91.3,167.22,0.25,0.00000
2016-03-11,3.3,0.00000,3.2,84.1,79.60,0.8375,0.00000
2016-03-12,4.2,0.00000,3.8,86.3,27.79,1,0.00000
2016-03-13,3.9,0.00000,6.2,89.0,53.83,0.9625,0.00000
2016-03-14,3.5,0.00000,6.7,77.3,188.46,0.7625,0.00000
2016-03-15,0.3,0.00000,2.5,93.4,20.05,0.9125,0.00473
2016-03-16,2.2,0.00143,5.7,87.8,193.38,0.625,0.00000
2016-03-17,2.2,0.00003,1.8,89.7,176.25,0,0.00000
2016-03-18,4.2,0.00003,2.3,82.9,210.66,0.0125,0.00000
2016-03-19,4.4,0.00000,3.3,83.8,204.46,0.15,0.00000
2016-03-20,3.8,0.00000,2.2,88.8,151.23,0.625,0.00000
2016-03-21,3.8,0.00000,2.2,84.7,112.44,0.8875,0.00000
2016-03-22,4.9,0.00000,1.6,79.5,97.32,0.9875,0.00000
2016-03-23,4.0,0.00063,1.9,83.4,55.36,1,0.00000
2016-03-24,4.5,0.00000,2.9,81.5,115.32,0.95,0.00000
2016-03-25,4.6,0.01007,4.6,87.2,77.82,0.975,0.00000
2016-03-26,6.5,0.00147,2.8,87.4,197.52,0.6,0.00000
2016-03-27,6.2,0.00177,3.7,85.6,149.94,0.725,0.00000
2016-03-28,6.9,0.00080,2.1,78.3,170.30,0.6875,0.00000
2016-03-29,8.5,0.00217,4.9,74.6,204.67,0.7875,0.00000
2016-03-30,9.3,0.00013,3.2,85.5,113.33,0.925,0.00000
2016-03-31,9.5,0.00000,1.9,83.4,186.30,0.7875,0.00000
2016-04-01,7.7,0.00000,2.7,95.3,89.57,0.95,0.00000
2016-04-02,8.4,0.00000,1.8,92.4,141.84,0.9125,0.00000
2016-04-03,11.2,0.00000,1.4,79.6,210.74,0.8875,0.00000
2016-04-04,11.5,0.00000,2.1,66.4,229.84,0.7375,0.00000
2016-04-05,10.6,0.00087,1.9,88.2,176.89,0.85,0.00000
2016-04-06,9.2,0.00143,3.2,91.6,120.94,0.8125,0.00000
2016-04-07,7.3,0.00240,2.8,89.4,50.42,0.875,0.00000
2016-04-08,5.2,0.00190,1.9,90.7,50.91,0.95,0.00000
2016-04-09,5.7,0.00227,2.1,94.6,57.67,0.975,0.00000
2016-04-10,8.0,0.00033,2.1,86.1,197.65,0.6875,0.00000
2016-04-11,8.0,0.00000,2.3,89.1,252.71,0.2,0.00000
2016-04-12,9.1,0.00463,2.6,86.5,189.28,0.5375,0.00000
2016-04-13,9.7,0.00477,2.8,86.7,183.52,0.8,0.00000
2016-04-14,8.5,0.00237,3.7,90.7,127.19,0.9,0.00000
2016-04-15,8.4,0.00100,2.8,87.7,63.29,0.9125,0.00000
2016-04-16,10.4,0.00010,2.6,86.6,141.39,0.6375,0.00000
2016-04-17,8.6,0.02190,2.7,95.8,35.73,0.9375,0.00000
2016-04-18,7.3,0.00130,3.4,97.5,76.03,1,0.00000
2016-04-19,8.3,0.00000,2.1,76.6,197.35,0.9,0.00000
2016-04-20,9.0,0.00000,2.3,76.6,270.76,0.275,0.00000
2016-04-21,10.1,0.00000,2.0,76.3,288.38,0.45,0.00000
2016-04-22,11.2,0.00000,2.3,82.3,214.58,0.825,0.00000
2016-04-23,9.0,0.00987,2.9,87.4,94.37,0.9375,0.00000
2016-04-24,2.6,0.00243,3.2,89.7,155.37,0.975,0.00000
2016-04-25,2.5,0.00180,5.1,87.0,174.18,0.8625,0.00000
2016-04-26,3.9,0.00813,5.2,84.6,68.95,0.9125,0.00000
2016-04-27,2.8,0.00343,5.2,82.6,259.29,0.6875,0.00000
2016-04-28,4.5,0.00000,3.8,70.8,274.27,0.5625,0.00000
2016-04-29,6.8,0.00000,2.3,78.4,300.87,0.275,0.00000
2016-04-30,10.3,0.00000,3.4,66.7,287.63,0.475,0.00000
2016-05-01,8.5,0.00817,3.2,90.8,63.86,0.9875,0.00000
2016-05-02,9.5,0.00000,2.6,90.3,177.62,0.9375,0.00000
2016-05-03,10.1,0.00177,4.1,81.1,166.02,0.8875,0.00000
2016-05-04,8.6,0.00000,2.7,72.8,269.82,0.775,0.00000
2016-05-05,9.5,0.00000,3.3,78.0,326.66,0.0625,0.00000
2016-05-06,13.9,0.00000,2.5,67.1,318.94,0.05,0.00000
2016-05-07,15.5,0.00000,2.7,59.7,312.36,0.1,0.00000
2016-05-08,15.5,0.00000,3.1,62.2,319.57,0.0625,0.00000
2016-05-09,16.2,0.00000,2.3,62.1,265.23,0.675,0.00000
2016-05-10,14.2,0.00003,2.2,79.5,145.18,0.8,0.00000
2016-05-11,15.1,0.00000,2.8,82.4,228.45,0.925,0.00000
2016-05-12,10.6,0.00243,4.1,94.6,49.34,0.9875,0.00000
2016-05-13,10.3,0.02153,4.3,98.7,76.59,0.975,0.00000
2016-05-14,10.0,0.01130,3.5,95.9,121.36,0.9625,0.00000
2016-05-15,6.6,0.00017,3.6,74.5,157.21,0.975,0.00000
2016-05-16,5.8,0.00517,4.3,84.8,121.29,0.925,0.00000
2016-05-17,7.9,0.00023,2.8,87.2,185.34,0.9625,0.00000
2016-05-18,12.1,0.00097,2.2,72.8,293.24,0.8,0.00000
2016-05-19,8.8,0.01313,3.5,100.6,70.21,0.95,0.00000
2016-05-20,11.3,0.00000,2.7,82.2,230.90,0.8875,0.00000
2016-05-21,15.0,0.00000,2.0,74.2,312.07,0.75,0.00000
2016-05-22,20.2,0.00000,2.7,61.9,323.45,0.6125,0.00000
2016-05-23,8.6,0.01670,4.7,91.3,54.34,0.9375,0.00000
2016-05-24,8.3,0.01143,4.4,100.1,46.47,0.9625,0.00000
2016-05-25,13.2,0.00040,2.1,86.2,259.43,0.725,0.00000
2016-05-26,17.1,0.00007,2.1,76.1,275.83,0.525,0.00000
2016-05-27,18.8,0.00087,2.6,72.7,283.79,0.8375,0.00000
2016-05-28,17.5,0.00123,2.3,90.9,260.23,0.675,0.00000
2016-05-29,17.2,0.01990,2.6,90.6,221.34,0.9125,0.00000
2016-05-30,14.8,0.00660,5.6,87.7,205.04,0.8875,0.00000
2016-05-31,14.1,0.00580,2.4,91.4,170.67,0.875,0.00000
2016-06-01,14.5,0.00567,2.1,95.7,124.26,0.9125,0.00000
2016-06-02,14.2,0.00777,2.0,91.6,130.11,0.9125,0.00000
2016-06-03,14.6,0.01687,2.4,93.6,206.61,0.8875,0.00000
2016-06-04,15.6,0.00247,2.4,89.8,229.61,0.875,0.00000
2016-06-05,15.2,0.02230,2.4,94.4,188.97,0.8875,0.00000
2016-06-06,17.0,0.00000,2.5,84.7,304.41,0.5,0.00000
2016-06-07,18.4,0.00113,1.9,82.0,330.60,0.4375,0.00000
2016-06-08,15.6,0.01330,2.6,93.1,116.33,0.9125,0.00000
2016-06-09,13.8,0.00927,2.5,101.4,73.63,0.85,0.00000
2016-06-10,15.6,0.00007,2.3,77.9,342.51,0.3875,0.00000
2016-06-11,15.1,0.00357,2.6,89.8,120.81,0.85,0.00000
2016-06-12,16.1,0.00177,5.2,81.6,229.81,0.875,0.00000
2016-06-13,15.0,0.00477,4.2,87.0,181.62,0.8875,0.00000
2016-06-14,14.6,0.00367,3.2,86.1,218.49,0.9,0.00000
2016-06-15,15.1,0.00210,4.0,78.2,265.61,0.8125,0.00000
2016-06-16,14.8,0.01180,3.1,91.7,151.52,0.8875,0.00000
2016-06-17,12.8,0.00263,5.0,79.6,217.65,0.8,0.00000
2016-06-18,14.9,0.02260,3.1,81.3,176.74,0.875,0.00000
2016-06-19,12.9,0.00963,2.2,95.2,98.06,0.9375,0.00000
2016-06-20,15.6,0.00010,1.7,79.8,268.05,0.8,0.00000
2016-06-21,17.4,0.00003,2.6,84.5,230.89,0.925,0.00000
2016-06-22,20.2,0.00000,2.0,86.8,282.03,0.4625,0.00000
2016-06-23,22.7,0.00000,1.5,80.8,317.27,0.0125,0.00000
2016-06-24,23.3,0.00020,2.3,80.3,352.91,0.2875,0.00000
2016-06-25,20.5,0.01440,3.0,82.4,261.50,0.7,0.00000
2016-06-26,15.2,0.00520,3.0,92.2,55.77,0.9875,0.00000
2016-06-27,16.8,0.00180,2.9,76.2,232.16,0.75,0.00000
2016-06-28,19.2,0.00000,2.5,70.2,262.37,0.6625,0.00000
2016-06-29,19.9,0.00307,2.5,78.8,201.74,0.7125,0.00000
2016-06-30,18.9,0.00340,2.5,87.9,173.93,0.8375,0.00000
2016-07-01,20.5,0.00030,2.3,77.6,362.32,0.4375,0.00000
2016-07-02,18.5,0.00367,3.6,85.9,111.96,0.9,0.00000
2016-07-03,16.0,0.00000,2.9,73.7,234.17,0.7625,0.00000
2016-07-04,18.3,0.00000,2.2,68.8,271.25,0.6625,0.00000
2016-07-05,19.9,0.00000,3.9,75.9,308.55,0.6,0.00000
2016-07-06,17.9,0.00000,3.7,72.0,241.16,0.8125,0.00000
2016-07-07,18.4,0.00000,2.3,68.6,344.82,0.525,0.00000
2016-07-08,20.4,0.00000,2.9,68.4,310.99,0.6,0.00000
2016-07-09,21.9,0.00000,3.5,67.4,282.73,0.675,0.00000
2016-07-10,24.0,0.00000,2.3,75.4,334.43,0.2625,0.00000
2016-07-11,23.4,0.00687,4.4,76.1,299.37,0.8125,0.00000
2016-07-12,17.8,0.05023,2.2,101.7,80.29,0.975,0.00000
2016-07-13,13.8,0.02043,3.3,99.0,83.55,0.9375,0.00000
2016-07-14,12.7,0.00603,5.2,87.5,188.59,0.9125,0.00000
2016-07-15,13.4,0.00003,3.2,79.7,174.90,0.8125,0.00000
2016-07-16,15.2,0.00000,2.2,73.4,267.36,0.675,0.00000
2016-07-17,18.3,0.00003,2.5,76.2,232.32,0.775,0.00000
2016-07-18,20.2,0.00000,2.1,78.9,241.51,0.4625,0.00000
2016-07-19,21.5,0.00000,1.7,78.7,312.02,0.1875,0.00000
2016-07-20,22.4,0.00043,1.6,75.6,318.88,0.1125,0.00000
2016-07-21,21.1,0.00090,3.0,82.6,213.52,0.6375,0.00000
2016-07-22,19.7,0.00493,3.4,91.0,225.86,0.8375,0.00000
2016-07-23,19.8,0.00763,2.6,91.8,171.17,0.9125,0.00000
2016-07-24,21.6,0.00093,2.2,79.4,267.26,0.75,0.00000
2016-07-25,20.7,0.00950,2.6,90.8,170.76,0.9625,0.00000
2016-07-26,19.5,0.02823,2.3,92.2,204.08,0.8375,0.00000
2016-07-27,19.4,0.00223,3.2,88.4,206.77,0.75,0.00000
2016-07-28,19.5,0.00053,2.5,82.6,247.79,0.7875,0.00000
2016-07-29,20.5,0.00003,2.8,80.0,209.91,0.725,0.00000
2016-07-30,22.3,0.00000,3.1,75.6,309.75,0.4625,0.00000
2016-07-31,19.4,0.00543,3.2,86.6,66.60,0.9,0.00000
2016-08-01,17.6,0.00000,2.4,79.2,158.84,0.9,0.00000
2016-08-02,17.8,0.00173,4.1,81.4,177.21,0.925,0.00000
2016-08-03,20.6,0.00003,3.5,75.7,286.33,0.775,0.00000
2016-08-04,21.5,0.01843,3.2,74.9,282.23,0.7,0.00000
2016-08-05,14.4,0.03363,4.4,96.2,36.46,0.975,0.00000
2016-08-06,16.0,0.00170,2.6,89.4,120.46,0.85,0.00000
2016-08-07,17.4,0.00000,1.9,80.9,291.13,0.1,0.00000
2016-08-08,19.5,0.00380,3.1,77.9,295.12,0.15,0.00000
2016-08-09,15.5,0.00767,3.1,92.8,34.09,0.9875,0.00000
2016-08-10,12.7,0.00503,3.3,91.5,57.15,0.9375,0.00000
2016-08-11,13.3,0.00220,2.2,77.9,210.16,0.9375,0.00000
2016-08-12,14.5,0.00240,3.8,88.1,70.19,0.9625,0.00000
2016-08-13,18.3,0.00000,2.3,84.0,266.35,0.05,0.00000
2016-08-14,19.9,0.00000,2.5,85.3,274.00,0.3875,0.00000
2016-08-15,19.8,0.00027,1.8,83.8,239.28,0.5375,0.00000
2016-08-16,20.0,0.00000,2.0,82.6,254.34,0.375,0.00000
2016-08-17,18.6,0.00300,1.7,75.6,222.90,0.825,0.00000
2016-08-18,18.3,0.00517,4.1,84.9,172.56,0.9,0.00000
2016-08-19,18.4,0.00003,2.2,86.4,210.26,0.8625,0.00000
2016-08-20,19.0,0.00533,3.1,88.7,134.01,0.8625,0.00000
2016-08-21,16.1,0.00567,3.9,80.2,128.12,0.875,0.00000
2016-08-22,16.4,0.00000,2.4,73.4,238.20,0.475,0.00000
2016-08-23,18.1,0.00000,2.2,79.2,266.82,0.1,0.00000
2016-08-24,20.0,0.00000,2.6,79.0,277.54,0,0.00000
2016-08-25,20.2,0.00000,1.4,82.3,268.18,0.025,0.00000
2016-08-26,21.7,0.00000,1.9,87.8,258.21,0.0375,0.00000
2016-08-27,22.1,0.00000,2.1,86.6,264.55,0.1125,0.00000
2016-08-28,23.1,0.00047,2.6,81.8,211.11,0.45,0.00000
2016-08-29,19.6,0.00967,2.0,87.2,66.78,0.925,0.00000
2016-08-30,19.2,0.00000,3.3,83.0,234.23,0.6125,0.00000
2016-08-31,18.6,0.00007,1.6,86.5,200.12,0.3625,0.00000
2016-09-01,19.4,0.00160,3.0,91.6,136.86,0.775,0.00000
2016-09-02,19.3,0.00000,1.9,82.4,238.03,0.5625,0.00000
2016-09-03,19.2,0.00000,3.1,86.8,180.07,0.8625,0.00000
2016-09-04,19.1,0.00057,5.1,82.2,135.80,0.775,0.00000
2016-09-05,16.7,0.00210,5.0,81.2,108.79,0.9,0.00000
2016-09-06,16.9,0.00083,3.3,78.4,196.27,0.7875,0.00000
2016-09-07,17.3,0.00000,3.8,83.2,236.21,0.2,0.00000
2016-09-08,19.1,0.00000,2.8,84.0,233.08,0.2125,0.00000
2016-09-09,20.2,0.00000,1.9,82.7,232.22,0.4125,0.00000
2016-09-10,19.4,0.00000,1.6,89.3,213.58,0.2875,0.00000
2016-09-11,20.2,0.00003,2.5,84.7,207.46,0.3875,0.00000
2016-09-12,19.6,0.00000,1.9,85.2,218.10,0.175,0.00000
2016-09-13,20.6,0.00000,2.4,79.5,216.50,0.0375,0.00000
2016-09-14,19.9,0.00000,1.8,85.4,197.18,0.05,0.00000
2016-09-15,18.9,0.00000,1.8,85.1,154.80,0.475,0.00000
2016-09-16,17.1,0.01470,2.7,87.9,126.31,0.875,0.00000
2016-09-17,14.1,0.01613,3.6,95.3,42.36,1,0.00000
2016-09-18,14.0,0.01233,3.1,94.7,56.16,0.95,0.00000
2016-09-19,12.5,0.01520,4.6,98.5,27.53,1,0.00000
2016-09-20,12.5,0.00150,2.6,90.2,83.91,0.975,0.00000
2016-09-21,11.9,0.00000,2.2,86.9,143.56,0.8375,0.00000
2016-09-22,12.4,0.00000,1.7,86.8,180.45,0.575,0.00000
2016-09-23,13.6,0.00000,2.6,89.4,152.58,0.725,0.00000
2016-09-24,13.8,0.00000,1.9,87.6,164.68,0.2125,0.00000
2016-09-25,14.4,0.00000,2.5,87.9,194.03,0.275,0.00000
2016-09-26,15.0,0.00000,2.6,85.8,183.49,0.1875,0.00000
2016-09-27,13.6,0.00000,2.4,94.7,171.26,0.5375,0.00000
2016-09-28,14.8,0.00000,3.0,85.5,167.36,0.5625,0.00000
2016-09-29,16.5,0.00000,4.3,76.7,187.89,0.6,0.00000
2016-09-30,16.4,0.00000,4.1,75.2,180.91,0.25,0.00000
2016-10-01,15.2,0.00003,2.5,83.0,125.63,0.85,0.00000
2016-10-02,13.1,0.00283,3.5,89.0,27.71,0.95,0.00000
2016-10-03,11.3,0.00157,4.7,81.3,141.03,0.8,0.00000
2016-10-04,9.6,0.00100,3.0,94.1,39.44,0.9625,0.00000
2016-10-05,7.5,0.00027,4.2,84.7,125.81,0.8,0.00000
2016-10-06,6.7,0.00060,2.7,92.3,69.56,0.8625,0.00000
2016-10-07,8.3,0.00103,2.2,95.5,34.24,1,0.00000
2016-10-08,7.9,0.00167,2.3,92.0,29.21,0.9875,0.00000
2016-10-09,8.1,0.00087,2.6,85.4,122.70,0.8625,0.00000
2016-10-10,6.6,0.00080,2.7,92.6,48.08,0.85,0.00000
2016-10-11,6.0,0.00140,3.3,91.1,93.17,0.95,0.00000
2016-10-12,6.5,0.00003,2.9,87.0,114.75,0.75,0.00000
2016-10-13,6.3,0.00003,3.4,88.6,120.72,0.75,0.00000
2016-10-14,9.4,0.00000,2.6,93.4,63.59,0.85,0.00000
2016-10-15,12.6,0.00000,2.0,90.2,90.27,0.7875,0.00000
2016-10-16,11.5,0.00000,2.0,94.7,139.83,0.1625,0.00000
2016-10-17,10.9,0.00483,2.1,96.9,86.74,0.9,0.00000
2016-10-18,11.1,0.00467,2.3,97.1,43.09,0.9375,0.00000
2016-10-19,10.1,0.00027,4.4,84.9,61.79,0.9,0.00000
2016-10-20,8.7,0.00040,4.3,77.3,103.18,0.4,0.00000
2016-10-21,6.4,0.00127,3.5,88.9,23.27,0.875,0.00000
2016-10-22,6.9,0.00000,3.1,87.8,114.57,0.3625,0.00000
2016-10-23,7.3,0.00287,2.8,94.8,87.24,0.7375,0.00000
2016-10-24,11.5,0.00123,2.2,96.3,86.26,0.875,0.00000
2016-10-25,11.9,0.01190,2.3,98.1,29.18,0.9875,0.00000
2016-10-26,10.6,0.00040,2.6,97.8,35.04,1,0.00000
2016-10-27,8.5,0.00000,1.3,94.5,56.36,0.8875,0.00000
2016-10-28,7.5,0.00000,2.5,94.8,108.21,0.5875,0.00000
2016-10-29,8.3,0.00003,2.3,98.0,33.52,0.9125,0.00000
2016-10-30,7.5,0.00003,1.8,94.0,80.83,0.525,0.00000
2016-10-31,8.0,0.00000,1.7,89.8,95.14,0.6875,0.00000
2016-11-01,6.7,0.00000,2.0,97.5,93.28,0.6875,0.00000
2016-11-02,8.3,0.00350,4.4,91.1,13.66,0.9,0.00000
2016-11-03,5.3,0.00000,2.3,84.9,79.55,0.75,0.00000
2016-11-04,4.8,0.00010,3.2,91.4,90.67,0.725,0.00000
2016-11-05,9.0,0.00873,3.0,86.8,40.93,0.9375,0.00000
2016-11-06,3.9,0.01420,3.4,99.3,6.93,0.975,0.00000
2016-11-07,2.6,0.00383,2.3,92.6,53.01,0.8875,0.00000
2016-11-08,2.0,0.00113,2.2,91.1,74.86,0.85,0.00000
2016-11-09,2.8,0.00313,3.4,87.3,67.58,0.775,0.00000
2016-11-10,5.7,0.00567,6.5,85.9,49.09,0.8875,0.00000
2016-11-11,3.9,0.00583,5.0,94.8,31.21,0.975,0.00000
2016-11-12,1.6,0.00160,2.6,92.3,30.18,0.95,0.00000
2016-11-13,0.2,0.00000,2.9,95.7,30.89,0.8375,0.00000
2016-11-14,-0.9,0.00000,3.0,92.9,12.60,1,0.00000
2016-11-15,3.0,0.00193,3.0,82.9,53.74,0.9375,0.00000
2016-11-16,8.4,0.01047,2.9,93.1,12.75,1,0.00000
2016-11-17,9.0,0.00113,3.1,93.9,34.63,0.7875,0.00000
2016-11-18,8.4,0.00270,3.4,86.8,50.53,0.825,0.00000
2016-11-19,5.9,0.00533,3.2,90.7,10.47,0.9625,0.00000
2016-11-20,4.4,0.00000,1.8,93.8,55.03,0.85,0.00000
2016-11-21,8.2,0.00000,1.7,88.1,44.32,0.875,0.00000
2016-11-22,8.1,0.00000,1.3,95.3,36.69,0.9125,0.00000
2016-11-23,6.4,0.00000,1.8,99.4,46.04,0.7875,0.00000
2016-11-24,5.1,0.00000,3.3,100.0,22.82,0.875,0.00000
2016-11-25,5.2,0.00013,3.6,98.7,5.91,1,0.00000
2016-11-26,5.7,0.00113,1.6,96.9,11.75,1,0.00000
2016-11-27,5.2,0.00110,2.6,95.7,9.11,1,0.00000
2016-11-28,0.6,0.00000,5.1,82.8,61.40,0.7,0.00003
2016-11-29,-1.0,0.00000,4.6,76.5,73.04,0,0.00000
2016-11-30,1.1,0.00000,3.1,87.2,70.55,0.4375,0.00000
2016-12-01,5.2,0.00000,2.5,65.8,28.42,0.6875,0.00000
2016-12-02,3.2,0.00050,3.4,86.6,35.85,0.7625,0.00000
2016-12-03,1.2,0.00003,3.6,90.3,71.33,1,0.00000
2016-12-04,-0.7,0.00000,2.2,96.5,13.88,0.8125,0.00000
2016-12-05,-1.0,0.00000,1.6,97.4,41.21,0.075,0.00000
2016-12-06,1.7,0.00003,2.0,89.9,62.43,0.075,0.00000
2016-12-07,-1.5,0.00000,1.7,99.6,42.71,0.25,0.00000
2016-12-08,1.2,0.00000,3.0,90.0,63.44,0.6,0.00000
2016-12-09,4.1,0.00000,3.1,72.6,62.33,0.6125,0.00000
2016-12-10,3.1,0.00000,2.6,80.6,64.50,0.35,0.00000
2016-12-11,4.2,0.00047,4.6,83.1,15.23,0.5875,0.00000
2016-12-12,4.1,0.00013,3.7,89.5,11.88,0.8,0.00000
2016-12-13,1.3,0.00007,2.1,95.0,59.61,0.45,0.00000
2016-12-14,2.7,0.00167,2.7,91.7,29.96,0.5375,0.00000
2016-12-15,1.0,0.00017,2.6,98.8,38.71,0.45,0.00000
2016-12-16,0.5,0.00000,2.3,96.2,13.33,0.5625,0.00000
2016-12-17,-0.5,0.00000,1.6,96.1,50.49,0.6,0.00000
2016-12-18,1.9,0.00067,2.6,96.3,18.35,0.95,0.00000
2016-12-19,0.6,0.00000,3.2,98.1,9.90,0.8,0.00020
2016-12-20,-1.6,0.00000,1.9,98.4,23.64,0.25,0.00000
2016-12-21,-2.2,0.00000,1.4,99.9,12.93,0.1875,0.00000
2016-12-22,-0.7,0.00000,2.1,98.5,54.68,0.55,0.00040
2016-12-23,2.4,0.00053,2.1,99.9,25.17,0.9375,0.00000
2016-12-24,5.0,0.00010,4.6,88.7,27.03,0.875,0.00000
2016-12-25,8.0,0.00013,4.5,73.3,15.21,0.9375,0.00000
2016-12-26,8.2,0.00077,3.5,82.1,42.63,0.8125,0.00000
2016-12-27,3.1,0.00000,3.8,80.1,58.45,0.775,0.00000
2016-12-28,2.5,0.00000,2.2,81.0,50.16,0.7625,0.00000
2016-12-29,-0.2,0.00000,1.6,94.3,50.30,0.0375,0.00000
2016-12-30,-2.9,0.00000,1.8,99.9,42.09,0,0.00007
2016-12-31,-2.8,0.00000,1.4,98.5,61.86,0,0.00003
2017-01-01,-1.2,0.00000,2.1,88.9,58.84,0,0.00003
2017-01-02,-0.4,0.00000,3.7,90.3,46.77,0.525,0.00193
2017-01-03,-0.7,0.00000,2.8,87.5,47.46,0.85,0.00003
2017-01-04,1.0,0.00093,8.1,81.1,8.78,0.975,0.00000
2017-01-05,-2.2,0.00000,5.9,84.6,24.13,0.875,0.00050
2017-01-06,-7.7,0.00000,2.8,85.6,31.41,0.4875,0.00003
2017-01-07,-9.4,0.00000,2.5,92.0,20.30,0.75,0.00130
2017-01-08,-1.6,0.00000,2.4,95.1,18.45,0.975,0.00127
2017-01-09,-1.1,0.00000,1.8,89.5,16.62,0.9625,0.00000
2017-01-10,-2.1,0.00000,2.3,87.9,57.45,0.875,0.00237
2017-01-11,0.4,0.00000,4.9,92.6,33.08,0.9625,0.00433
2017-01-12,3.4,0.00603,4.2,94.5,37.70,0.975,0.00000
2017-01-13,1.7,0.00123,7.2,79.5,28.21,0.9625,0.00000
2017-01-14,-0.1,0.00000,5.3,84.3,19.87,0.925,0.00037
2017-01-15,-1.8,0.00000,4.4,88.8,45.65,0.9125,0.00137
2017-01-16,-3.4,0.00000,3.5,93.4,31.22,0.975,0.00103
2017-01-17,-4.6,0.00000,5.4,91.8,50.02,0.975,0.00020
2017-01-18,-4.6,0.00000,6.2,86.2,15.33,0.9875,0.00000
2017-01-19,-5.6,0.00000,3.0,89.2,41.23,0.7875,0.00000
2017-01-20,-8.2,0.00000,1.5,97.1,15.21,0.0125,0.00000
2017-01-21,-7.9,0.00000,1.7,96.7,36.87,0,0.00020
2017-01-22,-7.9,0.00000,1.8,97.7,22.44,0,0.00000
2017-01-23,-7.5,0.00000,1.8,95.8,35.19,0.0875,0.00000
2017-01-24,-7.3,0.00000,2.0,97.9,5.61,0.875,0.00000
2017-01-25,-7.0,0.00000,2.5,96.2,14.49,1,0.00000
2017-01-26,-5.1,0.00000,3.3,94.3,23.43,0.7375,0.00000
2017-01-27,-4.8,0.00000,2.8,92.0,44.63,0.1875,0.00000
2017-01-28,-3.2,0.00000,1.6,93.1,71.18,0.4375,0.00000
2017-01-29,-1.2,0.00000,2.3,93.4,61.60,0.125,0.00003
2017-01-30,0.5,0.00000,3.3,95.0,37.61,0.675,0.00440
2017-01-31,5.0,0.01467,3.4,96.4,13.95,0.9875,0.00000
2017-02-01,1.4,0.00033,1.2,99.7,29.52,0.9375,0.00000
2017-02-02,1.8,0.00000,1.8,99.6,77.13,0.7,0.00000
2017-02-03,2.2,0.00040,1.5,97.7,46.33,0.8,0.00000
2017-02-04,4.7,0.00003,3.2,85.1,64.71,0.85,0.00000
2017-02-05,3.9,0.00000,2.6,78.5,62.44,0.6875,0.00000
2017-02-06,2.4,0.00000,2.1,89.4,21.81,0.975,0.00000
2017-02-07,2.6,0.00000,1.8,91.4,89.77,0.85,0.00000
2017-02-08,1.6,0.00000,3.1,87.2,50.56,0.975,0.00000
2017-02-09,-1.1,0.00000,3.9,86.5,29.27,1,0.00000
2017-02-10,-1.7,0.00000,1.3,89.5,41.67,0.95,0.00000
2017-02-11,0.2,0.00000,2.0,91.6,105.49,0.4375,0.00000
2017-02-12,-1.1,0.00000,2.8,98.1,28.35,0.75,0.00000
2017-02-13,-0.6,0.00000,3.7,96.1,20.93,1,0.00000
2017-02-14,-0.7,0.00000,1.8,98.0,82.43,0.075,0.00003
2017-02-15,1.3,0.00003,1.9,88.4,118.87,0,0.00000
2017-02-16,3.1,0.00120,2.6,84.4,123.41,0.1,0.00000
2017-02-17,3.1,0.01417,3.0,95.6,18.88,0.975,0.00000
2017-02-18,2.6,0.00057,1.6,96.5,71.95,0.8125,0.00000
2017-02-19,2.2,0.00037,2.7,87.2,118.88,0.3375,0.00000
2017-02-20,6.0,0.00140,4.6,77.1,88.66,0.9,0.00000
2017-02-21,7.2,0.00500,7.3,96.0,17.26,0.975,0.00000
2017-02-22,9.0,0.00003,7.8,83.3,77.07,0.825,0.00000
2017-02-23,12.7,0.00093,8.5,46.3,112.95,0.825,0.00000
2017-02-24,2.8,0.00170,5.3,94.1,50.57,0.975,0.00000
2017-02-25,1.0,0.00010,2.1,86.5,150.96,0.725,0.00000
2017-02-26,4.2,0.00000,2.9,72.5,93.09,0.8125,0.00000
2017-02-27,5.0,0.00027,1.8,74.8,128.83,0.4375,0.00000
2017-02-28,3.0,0.01147,4.1,88.1,21.54,0.9,0.00000
2017-03-01,4.4,0.00300,7.1,73.1,92.61,0.825,0.00000
2017-03-02,6.0,0.00107,7.0,73.5,114.01,0.7375,0.00000
2017-03-03,6.4,0.00000,2.5,57.2,133.26,0.85,0.00000
2017-03-04,12.2,0.00003,3.9,45.5,118.03,0.7625,0.00000
2017-03-05,5.5,0.00190,3.9,72.9,105.38,0.85,0.00000
2017-03-06,4.0,0.00440,5.3,84.1,100.53,0.9125,0.00000
2017-03-07,1.6,0.00693,5.2,98.3,53.45,1,0.00000
2017-03-08,4.0,0.00657,3.8,87.9,109.02,0.8875,0.00000
2017-03-09,7.3,0.01750,5.6,98.6,23.41,1,0.00000
2017-03-10,4.0,0.00027,3.5,84.3,145.35,0.7125,0.00000
2017-03-11,3.8,0.00007,2.3,72.6,173.14,0.475,0.00000
2017-03-12,4.3,0.00000,3.5,70.8,198.93,0.475,0.00000
2017-03-13,3.2,0.00000,2.1,77.5,187.03,0.6625,0.00000
2017-03-14,5.2,0.00000,2.4,76.2,147.60,0.6625,0.00000
2017-03-15,5.5,0.00000,2.2,82.7,118.83,0.6875,0.00000
2017-03-16,5.4,0.00000,1.9,79.2,182.34,0.2875,0.00000
2017-03-17,9.4,0.00003,5.1,75.2,184.09,0.525,0.00000
2017-03-18,8.1,0.00423,8.8,84.5,52.36,0.975,0.00000
2017-03-19,10.4,0.00063,6.3,87.0,90.53,0.9375,0.00000
2017-03-20,10.1,0.00000,3.0,85.0,145.26,0.8625,0.00000
2017-03-21,8.9,0.00293,2.7,80.6,102.12,0.95,0.00000
2017-03-22,5.4,0.00190,2.4,99.7,44.87,1,0.00000
2017-03-23,8.0,0.00023,2.3,93.2,182.72,0.7875,0.00000
2017-03-24,6.1,0.00000,3.0,96.2,39.04,1,0.00000
2017-03-25,7.1,0.00000,3.8,82.8,147.68,0.775,0.00000
2017-03-26,6.2,0.00000,2.9,74.0,204.27,0.6625,0.00000
2017-03-27,6.5,0.00000,1.8,70.0,228.32,0.15,0.00000
2017-03-28,8.3,0.00000,2.3,75.7,227.69,0.1,0.00000
2017-03-29,10.0,0.00000,2.1,78.2,202.36,0.575,0.00000
2017-03-30,9.3,0.00000,2.0,84.2,220.59,0.5625,0.00000
2017-03-31,11.1,0.00000,1.8,76.0,231.44,0.4,0.00000
2017-04-01,11.6,0.00000,2.1,73.0,174.24,0.6875,0.00000
2017-04-02,11.0,0.00000,2.0,81.0,222.85,0.75,0.00000
2017-04-03,10.5,0.00263,1.8,92.7,180.47,0.9,0.00000
2017-04-04,8.2,0.00577,2.6,93.9,118.25,0.85,0.00000
2017-04-05,7.2,0.00000,1.5,89.8,102.24,0.975,0.00000
2017-04-06,6.6,0.00000,3.9,74.7,104.46,0.9375,0.00000
2017-04-07,7.8,0.00000,2.9,77.1,193.22,0.7875,0.00000
2017-04-08,8.6,0.00000,1.7,86.1,235.05,0.1125,0.00000
2017-04-09,11.2,0.00000,2.1,83.5,257.45,0.025,0.00000
2017-04-10,13.3,0.00477,5.3,67.6,241.50,0.45,0.00000
2017-04-11,8.8,0.00000,2.1,79.2,127.29,0.925,0.00000
2017-04-12,10.1,0.00000,3.4,72.4,237.39,0.875,0.00000
2017-04-13,10.8,0.00000,3.5,70.1,88.61,0.9,0.00000
2017-04-14,8.5,0.00000,2.6,82.2,116.00,0.9375,0.00000
2017-04-15,10.0,0.00240,4.9,79.8,113.03,0.925,0.00000
2017-04-16,5.5,0.00950,4.1,91.3,52.23,0.9875,0.00000
2017-04-17,5.5,0.00933,5.1,90.3,101.03,0.9625,0.00000
2017-04-18,1.8,0.00447,4.1,96.0,111.95,0.95,0.00000
2017-04-19,1.5,0.00333,4.6,86.6,128.76,0.975,0.00000
2017-04-20,1.8,0.00007,2.4,72.8,191.88,0.7625,0.00000
2017-04-21,4.6,0.00000,3.6,70.5,262.99,0.275,0.00000
2017-04-22,6.8,0.00297,5.1,79.2,106.90,0.6,0.00000
2017-04-23,5.8,0.00000,3.3,77.1,169.71,0.8875,0.00000
2017-04-24,7.3,0.00000,1.6,75.5,295.39,0.3125,0.00000
2017-04-25,9.1,0.01727,3.9,86.7,73.96,0.8875,0.00000
2017-04-26,2.4,0.01467,2.8,99.8,57.56,1,0.00000
2017-04-27,2.3,0.01280,2.0,98.4,71.49,1,0.00000
2017-04-28,2.0,0.00837,2.7,99.7,37.20,1,0.00000
2017-04-29,6.6,0.00570,2.3,74.5,316.73,0.375,0.00000
2017-04-30,8.1,0.00167,2.6,75.6,313.44,0.1375,0.00000
2017-05-01,5.9,0.01023,3.7,92.4,100.14,0.875,0.00000
2017-05-02,8.5,0.00460,3.4,79.5,238.62,0.8125,0.00000
2017-05-03,8.8,0.00097,2.8,91.4,151.85,0.8875,0.00000
2017-05-04,8.1,0.01193,2.8,95.3,146.11,0.925,0.00000
2017-05-05,9.9,0.00510,1.6,87.2,218.61,0.65,0.00000
2017-05-06,10.9,0.00490,2.9,85.4,247.81,0.675,0.00000
2017-05-07,10.3,0.00527,5.3,93.3,98.35,0.975,0.00000
2017-05-08,9.0,0.01477,5.0,98.5,53.50,0.9875,0.00000
2017-05-09,7.3,0.01180,2.0,85.2,115.78,0.875,0.00000
2017-05-10,8.4,0.00040,1.8,83.0,318.29,0.25,0.00000
2017-05-11,13.4,0.00067,2.3,76.1,249.07,0.725,0.00000
2017-05-12,14.1,0.01067,3.3,81.4,233.55,0.8625,0.00000
2017-05-13,14.4,0.00400,2.4,82.7,243.45,0.7375,0.00000
2017-05-14,13.3,0.00623,3.1,93.9,190.48,0.9,0.00000
2017-05-15,12.6,0.00437,2.5,94.8,221.07,0.7375,0.00000
2017-05-16,13.7,0.00000,2.1,85.7,336.47,0.85,0.00000
2017-05-17,16.6,0.00000,2.6,77.1,336.93,0.25,0.00000
2017-05-18,18.3,0.00000,2.0,79.0,296.01,0.6625,0.00000
2017-05-19,14.4,0.00217,3.9,88.7,164.10,0.875,0.00000
2017-05-20,11.5,0.00000,2.6,74.8,238.57,0.625,0.00000
2017-05-21,13.6,0.00000,3.0,75.0,252.13,0.4875,0.00000
2017-05-22,15.1,0.00000,2.0,79.3,320.21,0.2875,0.00000
2017-05-23,17.1,0.00000,3.5,75.5,233.93,0.75,0.00000
2017-05-24,16.0,0.00167,3.8,74.2,178.26,0.9375,0.00000
2017-05-25,15.0,0.00003,1.9,79.8,253.08,0.8,0.00000
2017-05-26,15.9,0.00000,2.3,76.8,340.49,0.05,0.00000
2017-05-27,17.9,0.00000,2.0,75.0,341.93,0.0625,0.00000
2017-05-28,19.4,0.00000,2.0,75.8,341.83,0.2,0.00000
2017-05-29,21.3,0.00000,2.3,72.0,345.87,0.3875,0.00000
2017-05-30,21.8,0.01003,2.8,70.2,281.04,0.6125,0.00000
2017-05-31,20.3,0.00117,2.7,81.8,305.72,0.8625,0.00000
2017-06-01,19.6,0.00000,2.2,73.2,226.55,0.8875,0.00000
2017-06-02,18.9,0.00697,2.3,84.9,213.80,0.7125,0.00000
2017-06-03,20.2,0.00847,2.7,78.4,341.86,0.4625,0.00000
2017-06-04,16.6,0.00237,3.5,89.8,123.77,0.875,0.00000
2017-06-05,15.4,0.00893,2.6,92.2,179.27,0.975,0.00000
2017-06-06,13.8,0.02250,3.4,92.5,52.02,0.8125,0.00000
2017-06-07,12.9,0.00020,6.2,70.7,310.05,0.5,0.00000
2017-06-08,14.6,0.00000,2.2,68.4,341.01,0.4875,0.00000
2017-06-09,16.8,0.00350,3.6,80.3,257.77,0.625,0.00000
2017-06-10,17.3,0.00137,2.3,79.0,352.73,0.5125,0.00000
2017-06-11,19.2,0.00000,2.1,75.6,357.20,0.2625,0.00000
2017-06-12,21.3,0.00280,3.3,78.5,205.07,0.8375,0.00000
2017-06-13,19.5,0.00000,2.6,65.0,331.79,0.6125,0.00000
2017-06-14,19.0,0.00000,2.3,73.6,309.57,0.7375,0.00000
2017-06-15,21.1,0.00187,2.9,79.3,306.39,0.625,0.00000
2017-06-16,20.1,0.00000,5.4,68.2,275.10,0.925,0.00000
2017-06-17,16.9,0.00000,4.5,68.5,280.00,0.85,0.00000
2017-06-18,18.3,0.00000,2.7,67.0,364.08,0.5375,0.00000
2017-06-19,20.5,0.00000,1.4,71.3,354.47,0.3375,0.00000
2017-06-20,23.0,0.00060,3.0,77.9,302.27,0.5375,0.00000
2017-06-21,22.5,0.00677,3.0,81.0,259.64,0.7625,0.00000
2017-06-22,23.9,0.00000,2.6,73.5,325.63,0.55,0.00000
2017-06-23,25.4,0.00090,4.7,65.6,251.01,0.725,0.00000
2017-06-24,21.7,0.00063,2.8,75.4,202.67,0.7875,0.00000
2017-06-25,19.4,0.01373,3.3,84.5,113.04,0.825,0.00000
2017-06-26,21.7,0.00637,2.9,73.9,356.62,0.4375,0.00000
2017-06-27,20.4,0.00247,2.0,84.1,284.06,0.85,0.00000
2017-06-28,20.0,0.00863,2.9,82.3,234.86,0.85,0.00000
2017-06-29,16.8,0.00783,5.7,82.7,264.19,0.85,0.00000
2017-06-30,16.9,0.00063,3.6,70.3,264.84,0.75,0.00000
2017-07-01,17.1,0.00037,6.1,69.3,283.03,0.7875,0.00000
2017-07-02,15.1,0.01010,4.6,93.6,124.07,0.9625,0.00000
2017-07-03,17.2,0.00103,2.5,79.8,264.07,0.75,0.00000
2017-07-04,19.0,0.00000,2.7,76.0,314.84,0.225,0.00000
2017-07-05,21.1,0.00000,2.6,74.4,338.13,0.3125,0.00000
2017-07-06,22.6,0.00000,2.2,72.2,303.06,0.3125,0.00000
2017-07-07,22.8,0.00587,3.8,73.1,283.43,0.7375,0.00000
2017-07-08,22.3,0.00030,3.9,81.5,218.56,0.7125,0.00000
2017-07-09,20.7,0.00797,3.2,84.4,151.18,0.8375,0.00000
2017-07-10,20.3,0.00097,3.5,86.0,180.02,0.8625,0.00000
2017-07-11,19.4,0.00607,4.7,78.2,258.50,0.75,0.00000
2017-07-12,19.7,0.00390,5.2,83.0,219.65,0.85,0.00000
2017-07-13,17.0,0.00023,2.4,74.5,247.12,0.7875,0.00000
2017-07-14,16.2,0.00997,3.2,84.5,174.82,0.9125,0.00000
2017-07-15,15.5,0.00157,4.1,75.3,220.08,0.8625,0.00000
2017-07-16,17.0,0.00000,1.8,70.0,317.95,0.325,0.00000
2017-07-17,19.6,0.00000,2.5,72.7,341.12,0.4,0.00000
2017-07-18,21.5,0.00003,2.4,74.4,313.96,0.5,0.00000
2017-07-19,23.0,0.00037,3.3,70.2,318.78,0.4875,0.00000
2017-07-20,20.0,0.00143,3.7,82.6,168.49,0.85,0.00000
2017-07-21,20.5,0.00050,2.9,80.8,286.44,0.4625,0.00000
2017-07-22,21.2,0.00503,2.0,75.5,262.11,0.7125,0.00000
2017-07-23,18.4,0.00607,3.5,85.7,105.97,0.925,0.00000
2017-07-24,15.9,0.01323,3.7,91.6,87.47,0.9625,0.00000
2017-07-25,13.6,0.01783,5.7,91.6,128.28,0.95,0.00000
2017-07-26,13.6,0.03577,6.7,96.2,51.59,0.9875,0.00000
2017-07-27,16.4,0.00757,4.0,86.9,122.89,0.8625,0.00000
2017-07-28,16.9,0.00283,3.7,88.5,138.18,0.8125,0.00000
2017-07-29,19.2,0.00013,2.4,86.7,273.11,0.65,0.00000
2017-07-30,20.9,0.00573,3.2,84.5,259.85,0.875,0.00000
2017-07-31,21.4,0.00020,2.5,84.2,273.58,0.7875,0.00000
2017-08-01,22.6,0.01957,2.7,84.0,267.17,0.325,0.00000
2017-08-02,22.9,0.00177,2.6,85.1,298.96,0.725,0.00000
2017-08-03,23.7,0.00003,2.7,82.4,220.60,0.8,0.00000
2017-08-04,23.2,0.00000,2.5,82.3,190.04,0.8625,0.00000
2017-08-05,22.6,0.00457,2.8,76.3,281.64,0.65,0.00000
2017-08-06,16.8,0.00097,2.6,86.5,81.60,0.875,0.00000
2017-08-07,17.7,0.00017,3.1,82.3,310.23,0.1125,0.00000
2017-08-08,18.9,0.02273,3.6,85.7,225.82,0.675,0.00000
2017-08-09,18.4,0.00517,2.8,87.5,134.30,0.9375,0.00000
2017-08-10,15.0,0.02103,3.7,93.5,49.11,0.975,0.00000
2017-08-11,12.9,0.00787,3.2,93.1,58.06,0.9875,0.00000
2017-08-12,14.9,0.00037,3.9,87.3,113.08,0.875,0.00000
2017-08-13,17.8,0.00003,2.7,81.3,289.05,0.5625,0.00000
2017-08-14,19.8,0.00010,1.9,79.5,287.81,0.4125,0.00000
2017-08-15,21.6,0.01033,2.8,78.3,278.67,0.75,0.00000
2017-08-16,20.0,0.00350,2.4,84.8,251.17,0.8625,0.00000
2017-08-17,21.1,0.00003,2.1,84.3,234.99,0.7125,0.00000
2017-08-18,21.0,0.01720,2.6,88.4,266.97,0.65,0.00000
2017-08-19,16.7,0.00163,2.9,88.8,95.31,0.9375,0.00000
2017-08-20,15.9,0.00007,2.3,74.6,218.87,0.7125,0.00000
2017-08-21,15.5,0.00000,2.3,75.0,246.74,0.825,0.00000
2017-08-22,16.1,0.00003,1.7,77.0,242.74,0.6625,0.00000
2017-08-23,18.1,0.00003,1.8,80.8,262.82,0.45,0.00000
2017-08-24,20.6,0.00280,4.2,82.1,245.28,0.625,0.00000
2017-08-25,20.6,0.00007,1.9,85.4,242.37,0.375,0.00000
2017-08-26,22.4,0.00037,2.4,79.3,239.96,0.35,0.00000
2017-08-27,20.5,0.00013,2.9,82.3,174.51,0.5625,0.00000
2017-08-28,20.2,0.00007,1.8,87.9,210.18,0.5,0.00000
2017-08-29,20.3,0.00017,1.8,82.8,241.69,0.1,0.00000
2017-08-30,22.0,0.00067,2.2,81.0,241.79,0.5375,0.00000
2017-08-31,18.8,0.01920,3.2,90.3,64.59,0.9,0.00000
2017-09-01,13.7,0.02167,3.5,96.1,40.29,0.9875,0.00000
2017-09-02,11.7,0.01687,4.1,95.0,47.59,1,0.00000
2017-09-03,11.7,0.00253,3.6,91.4,141.48,0.8,0.00000
2017-09-04,12.7,0.00043,2.4,84.8,212.91,0.4875,0.00000
2017-09-05,17.0,0.00143,2.7,84.5,161.34,0.8875,0.00000
2017-09-06,17.5,0.00647,4.3,85.5,107.01,0.8,0.00000
2017-09-07,14.1,0.00050,3.0,82.4,140.93,0.775,0.00000
2017-09-08,14.0,0.00033,2.8,84.8,179.13,0.3375,0.00000
2017-09-09,13.1,0.00800,2.5,92.5,48.20,0.8375,0.00000
2017-09-10,11.8,0.00300,2.3,89.2,102.15,0.8625,0.00000
2017-09-11,12.9,0.00023,4.5,84.2,118.70,0.6375,0.00000
2017-09-12,12.3,0.00420,4.4,81.5,98.69,0.75,0.00000
2017-09-13,14.7,0.00020,6.5,78.3,110.15,0.575,0.00000
2017-09-14,12.8,0.00333,5.5,82.9,54.91,0.5125,0.00000
2017-09-15,11.6,0.00247,2.7,73.5,176.97,0.5125,0.00000
2017-09-16,10.6,0.00490,2.2,86.3,114.99,0.8625,0.00000
2017-09-17,10.2,0.00193,2.7,87.9,143.77,0.8625,0.00000
2017-09-18,10.8,0.00040,3.4,82.0,163.22,0.8,0.00000
2017-09-19,9.7,0.00150,2.1,87.8,47.39,0.9875,0.00000
2017-09-20,10.3,0.00193,3.5,88.6,82.14,0.925,0.00000
2017-09-21,11.4,0.00000,2.1,82.2,199.73,0.225,0.00000
2017-09-22,11.4,0.00000,2.4,90.9,167.80,0.4375,0.00000
2017-09-23,12.8,0.00000,2.4,89.7,182.27,0.4625,0.00000
2017-09-24,13.2,0.00163,1.4,87.9,141.07,0.85,0.00000
2017-09-25,12.4,0.00000,1.7,89.1,164.73,0.45,0.00000
2017-09-26,12.9,0.00003,2.7,89.2,179.73,0.625,0.00000
2017-09-27,13.8,0.00000,1.6,91.3,135.35,0.6375,0.00000
2017-09-28,13.5,0.00000,2.0,93.8,134.75,0.7375,0.00000
2017-09-29,14.2,0.00003,1.7,95.3,97.36,0.875,0.00000
2017-09-30,15.1,0.00443,2.1,93.2,136.01,0.8875,0.00000
2017-10-01,11.8,0.00270,2.4,93.5,67.65,0.9875,0.00000
2017-10-02,13.1,0.00203,3.6,87.0,115.36,0.65,0.00000
2017-10-03,13.3,0.01160,3.9,89.5,70.99,0.9375,0.00000
2017-10-04,11.6,0.00000,2.7,85.0,135.20,0.8125,0.00000
2017-10-05,15.4,0.01047,6.0,61.7,149.99,0.6,0.00000
2017-10-06,8.7,0.00633,5.1,87.8,95.72,0.9125,0.00000
2017-10-07,10.1,0.00127,4.7,77.6,116.39,0.9375,0.00000
2017-10-08,10.2,0.00020,6.3,84.5,75.78,0.9375,0.00000
2017-10-09,10.6,0.00090,3.2,88.9,54.43,0.9375,0.00000
2017-10-10,11.1,0.00037,3.5,86.9,73.66,0.8625,0.00000
2017-10-11,11.7,0.00000,3.4,88.0,151.37,0.35,0.00000
2017-10-12,13.5,0.00000,4.4,82.0,101.52,0.5875,0.00000
2017-10-13,12.2,0.00000,2.0,88.8,138.63,0.6875,0.00000
2017-10-14,13.0,0.00000,1.9,85.7,152.12,0.0875,0.00000
2017-10-15,13.6,0.00000,1.8,86.4,151.88,0,0.00000
2017-10-16,15.0,0.00000,1.8,80.7,147.09,0,0.00000
2017-10-17,14.2,0.00000,1.9,80.0,146.56,0.35,0.00000
2017-10-18,13.0,0.00000,1.9,83.8,138.24,0.475,0.00000
2017-10-19,13.0,0.00000,2.1,79.3,139.57,0.1125,0.00000
2017-10-20,15.2,0.00107,3.4,67.5,134.29,0.5125,0.00000
2017-10-21,15.0,0.00287,3.5,78.5,73.16,0.9125,0.00000
2017-10-22,8.9,0.00233,5.5,85.8,51.82,0.95,0.00000
2017-10-23,7.4,0.00207,5.5,90.5,35.87,0.95,0.00000
2017-10-24,9.2,0.00030,3.2,88.7,98.27,0.725,0.00000
2017-10-25,12.4,0.00000,2.7,78.9,101.15,0.7,0.00000
2017-10-26,11.7,0.00000,2.2,89.7,116.05,0.6375,0.00000
2017-10-27,11.2,0.00220,5.0,81.2,51.82,0.775,0.00000
2017-10-28,8.6,0.00183,6.7,78.5,69.13,0.9,0.00000
2017-10-29,8.4,0.00513,9.0,82.2,28.87,0.875,0.00000
2017-10-30,5.4,0.00000,4.6,82.9,55.64,0.725,0.00000
2017-10-31,4.1,0.00000,2.5,87.6,108.12,0.2625,0.00000
2017-11-01,6.0,0.00003,3.3,90.1,31.95,0.9125,0.00000
2017-11-02,9.5,0.00023,3.5,82.6,51.13,0.925,0.00000
2017-11-03,9.2,0.00020,1.7,93.2,57.44,0.65,0.00000
2017-11-04,8.0,0.00000,3.3,91.4,81.41,0.9,0.00000
2017-11-05,6.8,0.01717,3.9,94.9,28.46,0.9625,0.00000
2017-11-06,4.5,0.00467,3.2,97.5,5.34,0.9875,0.00000
2017-11-07,5.1,0.00083,3.1,96.9,14.94,1,0.00000
2017-11-08,5.4,0.00017,2.3,90.1,32.59,0.8875,0.00000
2017-11-09,5.5,0.00003,1.9,91.7,26.31,1,0.00000
2017-11-10,6.2,0.00210,5.1,83.9,22.35,0.975,0.00000
2017-11-11,6.6,0.00950,6.1,89.9,22.91,1,0.00000
2017-11-12,5.8,0.01820,6.1,94.9,21.34,0.9875,0.00000
2017-11-13,2.7,0.00113,3.3,92.4,23.00,0.9875,0.00000
2017-11-14,1.5,0.00000,2.1,95.8,62.87,0.5875,0.00000
2017-11-15,0.9,0.00000,2.6,92.3,71.16,0.6,0.00000
2017-11-16,0.1,0.00000,2.3,93.7,11.03,1,0.00000
2017-11-17,1.8,0.00007,1.6,90.8,32.28,0.9125,0.00000
2017-11-18,3.6,0.00120,3.4,89.7,14.96,0.975,0.00000
2017-11-19,3.1,0.00160,6.6,89.3,43.37,0.975,0.00000
2017-11-20,3.8,0.00187,4.9,80.6,22.86,0.925,0.00000
2017-11-21,8.6,0.00103,6.7,74.2,29.98,0.9,0.00000
2017-11-22,8.6,0.00000,4.0,73.8,77.63,0.3875,0.00000
2017-11-23,6.6,0.00000,3.7,79.2,60.58,0.6,0.00000
2017-11-24,8.2,0.00000,3.5,77.2,66.98,0.725,0.00000
2017-11-25,5.6,0.00450,4.0,89.8,13.73,0.9125,0.00000
2017-11-26,1.7,0.00047,4.7,87.7,36.72,0.875,0.00000
2017-11-27,2.8,0.00007,5.0,76.4,48.99,0.825,0.00000
2017-11-28,4.7,0.00000,3.4,74.6,27.73,0.9125,0.00000
2017-11-29,3.0,0.00150,2.5,90.8,19.25,0.95,0.00000
2017-11-30,1.0,0.00097,4.5,88.5,26.02,0.9125,0.00000
2017-12-01,0.1,0.00000,2.4,87.4,27.30,0.875,0.00002
2017-12-02,-0.4,0.00000,4.4,86.6,17.07,1,0.00000
2017-12-03,-1.2,0.00000,3.0,80.3,14.64,0.9875,0.00091
2017-12-04,1.5,0.00571,6.2,89.8,23.05,1,0.00000
2017-12-05,2.8,0.00000,3.8,85.8,34.96,0.675,0.00000
2017-12-06,0.2,0.00000,3.0,94.4,14.61,0.7375,0.00000
2017-12-07,1.8,0.00022,3.8,84.7,67.58,0.1375,0.00000
2017-12-08,2.7,0.00351,5.2,87.5,13.15,0.9375,0.00000
2017-12-09,-1.2,0.00000,5.5,80.9,46.07,0.7,0.00010
2017-12-10,-0.4,0.00000,5.7,83.6,16.33,0.9125,0.00376
2017-12-11,4.9,0.00549,2.8,85.6,8.96,0.9,0.00000
2017-12-12,2.8,0.00351,4.3,87.0,12.40,0.9125,0.00000
2017-12-13,1.4,0.00032,4.2,79.5,56.86,0.5,0.00000
2017-12-14,4.0,0.01022,7.2,81.0,26.37,0.9375,0.00000
2017-12-15,2.9,0.00320,5.1,84.1,56.21,0.575,0.00000
2017-12-16,1.1,0.00124,3.6,91.7,19.78,0.95,0.00000
2017-12-17,0.6,0.00000,4.2,88.4,27.06,0.9375,0.00035
2017-12-18,-0.5,0.00000,2.7,82.0,13.36,0.95,0.00000
2017-12-19,0.5,0.00000,2.0,90.4,18.33,0.9875,0.00033
2017-12-20,1.0,0.00028,1.8,94.7,29.93,0.85,0.00000
2017-12-21,2.1,0.00853,3.5,90.7,24.80,0.9625,0.00000
2017-12-22,4.6,0.00477,2.0,97.8,8.30,0.9625,0.00000
2017-12-23,5.4,0.00050,3.0,95.1,87.22,0.825,0.00000
2017-12-24,2.5,0.00000,3.4,94.9,65.41,0.0125,0.00000
2017-12-25,-1.0,0.00000,1.9,98.8,50.02,0.075,0.00007
2017-12-26,2.2,0.00003,3.6,85.9,107.47,0.375,0.00000
2017-12-27,0.8,0.00000,2.3,93.0,40.42,0.875,0.00667
2017-12-28,0.8,0.00000,5.8,94.6,14.85,0.9375,0.00203
2017-12-29,-0.6,0.00000,4.5,81.6,62.60,0.6,0.00210
2017-12-30,5.4,0.00466,7.0,86.6,13.37,0.95,0.00000
2017-12-31,8.6,0.00178,6.0,76.8,61.92,0.625,0.00000
